"compliance-level-2/0003-input-data-string-allowed-values","0003-input-data-string-allowed-values-test-01","001","SUCCESS",""
"compliance-level-2/0114-min-collect-hitpolicy","0114-min-collect-hitpolicy-test-01","001","SUCCESS",""
"compliance-level-2/0114-min-collect-hitpolicy","0114-min-collect-hitpolicy-test-01","002","SUCCESS",""
"compliance-level-2/0114-min-collect-hitpolicy","0114-min-collect-hitpolicy-test-01","003","SUCCESS",""
"compliance-level-2/0105-feel-math","0105-feel-math-test-01","001","SUCCESS",""
"compliance-level-2/0105-feel-math","0105-feel-math-test-01","002","SUCCESS",""
"compliance-level-2/0105-feel-math","0105-feel-math-test-01","003","SUCCESS",""
"compliance-level-2/0105-feel-math","0105-feel-math-test-01","004","SUCCESS",""
"compliance-level-2/0105-feel-math","0105-feel-math-test-01","005","SUCCESS",""
"compliance-level-2/0105-feel-math","0105-feel-math-test-01","006","SUCCESS",""
"compliance-level-2/0105-feel-math","0105-feel-math-test-01","007","SUCCESS",""
"compliance-level-2/0105-feel-math","0105-feel-math-test-01","008","SUCCESS",""
"compliance-level-2/0105-feel-math","0105-feel-math-test-01","009","SUCCESS",""
"compliance-level-2/0105-feel-math","0105-feel-math-test-01","010","SUCCESS",""
"compliance-level-2/0105-feel-math","0105-feel-math-test-01","011","SUCCESS",""
"compliance-level-2/0105-feel-math","0105-feel-math-test-01","012","SUCCESS",""
"compliance-level-2/0105-feel-math","0105-feel-math-test-01","013","SUCCESS",""
"compliance-level-2/0105-feel-math","0105-feel-math-test-01","014","SUCCESS",""
"compliance-level-2/0105-feel-math","0105-feel-math-test-01","015","SUCCESS",""
"compliance-level-2/0105-feel-math","0105-feel-math-test-01","016","SUCCESS",""
"compliance-level-2/0105-feel-math","0105-feel-math-test-01","017","SUCCESS",""
"compliance-level-2/0105-feel-math","0105-feel-math-test-01","018","SUCCESS",""
"compliance-level-2/0105-feel-math","0105-feel-math-test-01","019","SUCCESS",""
"compliance-level-2/0105-feel-math","0105-feel-math-test-01","020","SUCCESS",""
"compliance-level-2/0105-feel-math","0105-feel-math-test-01","021","SUCCESS",""
"compliance-level-2/0105-feel-math","0105-feel-math-test-01","022","SUCCESS",""
"compliance-level-2/0105-feel-math","0105-feel-math-test-01","023","SUCCESS",""
"compliance-level-2/0105-feel-math","0105-feel-math-test-01","024","SUCCESS",""
"compliance-level-2/0105-feel-math","0105-feel-math-test-01","025","SUCCESS",""
"compliance-level-2/0105-feel-math","0105-feel-math-test-01","026","SUCCESS",""
"compliance-level-2/0105-feel-math","0105-feel-math-test-01","027","SUCCESS",""
"compliance-level-2/0105-feel-math","0105-feel-math-test-01","028","SUCCESS",""
"compliance-level-2/0105-feel-math","0105-feel-math-test-01","029","SUCCESS",""
"compliance-level-2/0105-feel-math","0105-feel-math-test-01","030","SUCCESS",""
"compliance-level-2/0105-feel-math","0105-feel-math-test-01","031","SUCCESS",""
"compliance-level-2/0105-feel-math","0105-feel-math-test-01","032","SUCCESS",""
"compliance-level-2/0105-feel-math","0105-feel-math-test-01","033","SUCCESS",""
"compliance-level-2/0100-feel-constants","0100-feel-constants-test-01","001","SUCCESS",""
"compliance-level-2/0113-outputOrder-hitpolicy-singleinoutcol","0113-outputOrder-hitpolicy-singleinoutcol-test-01","001","SUCCESS",""
"compliance-level-2/0113-outputOrder-hitpolicy-singleinoutcol","0113-outputOrder-hitpolicy-singleinoutcol-test-01","002","SUCCESS",""
"compliance-level-2/0113-outputOrder-hitpolicy-singleinoutcol","0113-outputOrder-hitpolicy-singleinoutcol-test-01","003","SUCCESS",""
"compliance-level-2/0112-ruleOrder-hitpolicy-singleinoutcol","0112-ruleOrder-hitpolicy-singleinoutcol-test-01","001","SUCCESS",""
"compliance-level-2/0112-ruleOrder-hitpolicy-singleinoutcol","0112-ruleOrder-hitpolicy-singleinoutcol-test-01","002","SUCCESS",""
"compliance-level-2/0112-ruleOrder-hitpolicy-singleinoutcol","0112-ruleOrder-hitpolicy-singleinoutcol-test-01","003","SUCCESS",""
"compliance-level-2/0107-feel-ternary-logic-not","0107-feel-ternary-logic-not-test-01","001","SUCCESS",""
"compliance-level-2/0107-feel-ternary-logic-not","0107-feel-ternary-logic-not-test-01","002","SUCCESS",""
"compliance-level-2/0107-feel-ternary-logic-not","0107-feel-ternary-logic-not-test-01","003","SUCCESS",""
"compliance-level-2/0008-LX-arithmetic","0008-LX-arithmetic-test-01","001","SUCCESS",""
"compliance-level-2/0008-LX-arithmetic","0008-LX-arithmetic-test-01","002","SUCCESS",""
"compliance-level-2/0008-LX-arithmetic","0008-LX-arithmetic-test-01","003","SUCCESS",""
"compliance-level-2/0002-input-data-number","0002-input-data-number-test-01","001","SUCCESS",""
"compliance-level-2/0118-multi-priority-hitpolicy","0118-multi-priority-hitpolicy-test-01","001","SUCCESS",""
"compliance-level-2/0118-multi-priority-hitpolicy","0118-multi-priority-hitpolicy-test-01","002","SUCCESS",""
"compliance-level-2/0118-multi-priority-hitpolicy","0118-multi-priority-hitpolicy-test-01","003","SUCCESS",""
"compliance-level-2/0007-simpletable-P2","0007-simpletable-P2-test-01","001","SUCCESS",""
"compliance-level-2/0007-simpletable-P2","0007-simpletable-P2-test-01","002","SUCCESS",""
"compliance-level-2/0007-simpletable-P2","0007-simpletable-P2-test-01","003","SUCCESS",""
"compliance-level-2/0106-feel-ternary-logic","0106-feel-ternary-logic-test-01","001","SUCCESS",""
"compliance-level-2/0106-feel-ternary-logic","0106-feel-ternary-logic-test-01","002","SUCCESS",""
"compliance-level-2/0106-feel-ternary-logic","0106-feel-ternary-logic-test-01","003","SUCCESS",""
"compliance-level-2/0106-feel-ternary-logic","0106-feel-ternary-logic-test-01","004","SUCCESS",""
"compliance-level-2/0106-feel-ternary-logic","0106-feel-ternary-logic-test-01","005","SUCCESS",""
"compliance-level-2/0106-feel-ternary-logic","0106-feel-ternary-logic-test-01","006","SUCCESS",""
"compliance-level-2/0106-feel-ternary-logic","0106-feel-ternary-logic-test-01","007","SUCCESS",""
"compliance-level-2/0106-feel-ternary-logic","0106-feel-ternary-logic-test-01","008","SUCCESS",""
"compliance-level-2/0106-feel-ternary-logic","0106-feel-ternary-logic-test-01","009","SUCCESS",""
"compliance-level-2/0117-multi-any-hitpolicy","0117-multi-any-hitpolicy-test-01","001","SUCCESS",""
"compliance-level-2/0117-multi-any-hitpolicy","0117-multi-any-hitpolicy-test-01","002","SUCCESS",""
"compliance-level-2/0117-multi-any-hitpolicy","0117-multi-any-hitpolicy-test-01","003","SUCCESS",""
"compliance-level-2/0006-simpletable-P1","0006-simpletable-P1-test-01","001","SUCCESS",""
"compliance-level-2/0006-simpletable-P1","0006-simpletable-P1-test-01","002","SUCCESS",""
"compliance-level-2/0006-simpletable-P1","0006-simpletable-P1-test-01","003","SUCCESS",""
"compliance-level-2/0115-sum-collect-hitpolicy","0115-sum-collect-hitpolicy-test-01","001","SUCCESS",""
"compliance-level-2/0115-sum-collect-hitpolicy","0115-sum-collect-hitpolicy-test-01","002","SUCCESS",""
"compliance-level-2/0115-sum-collect-hitpolicy","0115-sum-collect-hitpolicy-test-01","003","SUCCESS",""
"compliance-level-2/0102-feel-constants","0102-feel-constants-test-01","001","SUCCESS",""
"compliance-level-2/0102-feel-constants","0102-feel-constants-test-01","002","SUCCESS",""
"compliance-level-2/0102-feel-constants","0102-feel-constants-test-01","003","SUCCESS",""
"compliance-level-2/0102-feel-constants","0102-feel-constants-test-01","004","SUCCESS",""
"compliance-level-2/0005-simpletable-A","0005-simpletable-A-test-01","001","SUCCESS",""
"compliance-level-2/0005-simpletable-A","0005-simpletable-A-test-01","002","SUCCESS",""
"compliance-level-2/0005-simpletable-A","0005-simpletable-A-test-01","003","SUCCESS",""
"compliance-level-2/0109-ruleOrder-hitpolicy","0109-ruleOrder-hitpolicy-test-01","001","SUCCESS",""
"compliance-level-2/0109-ruleOrder-hitpolicy","0109-ruleOrder-hitpolicy-test-01","002","SUCCESS",""
"compliance-level-2/0109-ruleOrder-hitpolicy","0109-ruleOrder-hitpolicy-test-01","003","SUCCESS",""
"compliance-level-2/0116-count-collect-hitpolicy","0116-count-collect-hitpolicy-test-01","001","SUCCESS",""
"compliance-level-2/0116-count-collect-hitpolicy","0116-count-collect-hitpolicy-test-01","002","SUCCESS",""
"compliance-level-2/0116-count-collect-hitpolicy","0116-count-collect-hitpolicy-test-01","003","SUCCESS",""
"compliance-level-2/0009-invocation-arithmetic","0009-invocation-arithmetic-test-01","001","SUCCESS",""
"compliance-level-2/0009-invocation-arithmetic","0009-invocation-arithmetic-test-01","002","SUCCESS",""
"compliance-level-2/0009-invocation-arithmetic","0009-invocation-arithmetic-test-01","003","SUCCESS",""
"compliance-level-2/0111-first-hitpolicy-singleoutputcol","0111-first-hitpolicy-singleoutputcol-test-01","001","SUCCESS",""
"compliance-level-2/0111-first-hitpolicy-singleoutputcol","0111-first-hitpolicy-singleoutputcol-test-01","002","SUCCESS",""
"compliance-level-2/0111-first-hitpolicy-singleoutputcol","0111-first-hitpolicy-singleoutputcol-test-01","003","SUCCESS",""
"compliance-level-2/0001-input-data-string","0001-input-data-string-test-01","001","SUCCESS",""
"compliance-level-2/0010-multi-output-U","0010-multi-output-U-test-01","001","SUCCESS",""
"compliance-level-2/0010-multi-output-U","0010-multi-output-U-test-01","002","SUCCESS",""
"compliance-level-2/0010-multi-output-U","0010-multi-output-U-test-01","003","SUCCESS",""
"compliance-level-2/0119-multi-collect-hitpolicy","0119-multi-collect-hitpolicy-test-01","001","SUCCESS",""
"compliance-level-2/0119-multi-collect-hitpolicy","0119-multi-collect-hitpolicy-test-01","002","SUCCESS",""
"compliance-level-2/0119-multi-collect-hitpolicy","0119-multi-collect-hitpolicy-test-01","003","SUCCESS",""
"compliance-level-2/0101-feel-constants","0101-feel-constants-test-01","001","SUCCESS",""
"compliance-level-2/0101-feel-constants","0101-feel-constants-test-01","002","SUCCESS",""
"compliance-level-2/0101-feel-constants","0101-feel-constants-test-01","004","SUCCESS",""
"compliance-level-2/0101-feel-constants","0101-feel-constants-test-01","005","SUCCESS",""
"compliance-level-2/0101-feel-constants","0101-feel-constants-test-01","007","SUCCESS",""
"compliance-level-2/0101-feel-constants","0101-feel-constants-test-01","008","SUCCESS",""
"compliance-level-2/0004-simpletable-U","0004-simpletable-U-test-01","001","SUCCESS",""
"compliance-level-2/0004-simpletable-U","0004-simpletable-U-test-01","002","SUCCESS",""
"compliance-level-2/0004-simpletable-U","0004-simpletable-U-test-01","003","SUCCESS",""
"compliance-level-2/0108-first-hitpolicy","0108-first-hitpolicy-test-01","001","SUCCESS",""
"compliance-level-2/0108-first-hitpolicy","0108-first-hitpolicy-test-01","002","SUCCESS",""
"compliance-level-2/0108-first-hitpolicy","0108-first-hitpolicy-test-01","003","SUCCESS",""
"compliance-level-2/0110-outputOrder-hitpolicy","0110-outputOrder-hitpolicy-test-01","001","SUCCESS",""
"compliance-level-2/0110-outputOrder-hitpolicy","0110-outputOrder-hitpolicy-test-01","002","SUCCESS",""
"compliance-level-2/0110-outputOrder-hitpolicy","0110-outputOrder-hitpolicy-test-01","003","SUCCESS",""
"compliance-level-3/0030-user-defined-functions","0030-user-defined-functions-test-01","001","SUCCESS",""
"compliance-level-3/0037-dt-on-bkm-implicit-params","0037-dt-on-bkm-implicit-params-test-01","_0de87bf9-0269-40b1-b7ac-767ae9a99b89","SUCCESS",""
"compliance-level-3/0037-dt-on-bkm-implicit-params","0037-dt-on-bkm-implicit-params-test-01","_20d7e21f-f58f-4a78-8074-a70cbf13de83","SUCCESS",""
"compliance-level-3/1117-feel-date-and-time-function","1117-feel-date-and-time-function-test-01","001_05fd7d6215","SUCCESS",""
"compliance-level-3/1117-feel-date-and-time-function","1117-feel-date-and-time-function-test-01","002_8c66ed2d1a","SUCCESS",""
"compliance-level-3/1117-feel-date-and-time-function","1117-feel-date-and-time-function-test-01","003_335cff371a","SUCCESS",""
"compliance-level-3/1117-feel-date-and-time-function","1117-feel-date-and-time-function-test-01","004_28ef3e7882","SUCCESS",""
"compliance-level-3/1117-feel-date-and-time-function","1117-feel-date-and-time-function-test-01","005_15df95b27a","SUCCESS",""
"compliance-level-3/1117-feel-date-and-time-function","1117-feel-date-and-time-function-test-01","006_8c794da0bb","SUCCESS",""
"compliance-level-3/1117-feel-date-and-time-function","1117-feel-date-and-time-function-test-01","007_59863d1b57","ERROR","FAILURE: 'feel-date-and-time-function_007_59863d1b57' expected='null' but found='2012-12-24T00:00'"
"compliance-level-3/1117-feel-date-and-time-function","1117-feel-date-and-time-function-test-01","008_83eb9a93ba","ERROR","FAILURE: 'feel-date-and-time-function_008_83eb9a93ba' expected='null' but found='2017-12-31T00:00'"
"compliance-level-3/1117-feel-date-and-time-function","1117-feel-date-and-time-function-test-01","009_1982fa549c","ERROR","FAILURE: 'feel-date-and-time-function_009_1982fa549c' expected='null' but found='2017-12-31T11:22:33'"
"compliance-level-3/1117-feel-date-and-time-function","1117-feel-date-and-time-function-test-01","010_59f5b47012","ERROR","FAILURE: 'feel-date-and-time-function_010_59f5b47012' expected='null' but found='-2017-12-31T11:22:33'"
"compliance-level-3/1117-feel-date-and-time-function","1117-feel-date-and-time-function-test-01","011_eec2d5bdcd","SUCCESS",""
"compliance-level-3/1117-feel-date-and-time-function","1117-feel-date-and-time-function-test-01","012_225a105eef","SUCCESS",""
"compliance-level-3/1117-feel-date-and-time-function","1117-feel-date-and-time-function-test-01","013_c4fd0a0e8d","ERROR","FAILURE: 'feel-date-and-time-function_013_c4fd0a0e8d' expected='null' but found='2017-12-31T11:22:33.345'"
"compliance-level-3/1117-feel-date-and-time-function","1117-feel-date-and-time-function-test-01","014_ded0e5fe2f","ERROR","FAILURE: 'feel-date-and-time-function_014_ded0e5fe2f' expected='null' but found='2017-12-31T11:22:33.123456789'"
"compliance-level-3/1117-feel-date-and-time-function","1117-feel-date-and-time-function-test-01","015_9e27148afd","ERROR","FAILURE: 'feel-date-and-time-function_015_9e27148afd' expected='null' but found='2017-12-31T11:22:33Z'"
"compliance-level-3/1117-feel-date-and-time-function","1117-feel-date-and-time-function-test-01","016_c08e4d417a","ERROR","FAILURE: 'feel-date-and-time-function_016_c08e4d417a' expected='null' but found='2017-12-31T11:22:33.567Z'"
"compliance-level-3/1117-feel-date-and-time-function","1117-feel-date-and-time-function-test-01","017_47816add0e","ERROR","FAILURE: 'feel-date-and-time-function_017_47816add0e' expected='null' but found='2017-12-31T11:22:33+01:00'"
"compliance-level-3/1117-feel-date-and-time-function","1117-feel-date-and-time-function-test-01","018_0614e473e7","ERROR","FAILURE: 'feel-date-and-time-function_018_0614e473e7' expected='null' but found='2017-12-31T11:22:33-02:00'"
"compliance-level-3/1117-feel-date-and-time-function","1117-feel-date-and-time-function-test-01","019_c312e3dfe3","ERROR","FAILURE: 'feel-date-and-time-function_019_c312e3dfe3' expected='null' but found='2017-12-31T11:22:33+01:35'"
"compliance-level-3/1117-feel-date-and-time-function","1117-feel-date-and-time-function-test-01","020_29e0585b6f","ERROR","FAILURE: 'feel-date-and-time-function_020_29e0585b6f' expected='null' but found='2017-12-31T11:22:33-01:35'"
"compliance-level-3/1117-feel-date-and-time-function","1117-feel-date-and-time-function-test-01","021_99f0215b60","ERROR","FAILURE: 'feel-date-and-time-function_021_99f0215b60' expected='null' but found='2017-12-31T11:22:33.456+01:35'"
"compliance-level-3/1117-feel-date-and-time-function","1117-feel-date-and-time-function-test-01","022_b8b20f0328","ERROR","FAILURE: 'feel-date-and-time-function_022_b8b20f0328' expected='null' but found='-2017-12-31T11:22:33.456+01:35'"
"compliance-level-3/1117-feel-date-and-time-function","1117-feel-date-and-time-function-test-01","023_2e41497673","SUCCESS",""
"compliance-level-3/1117-feel-date-and-time-function","1117-feel-date-and-time-function-test-01","024_b4d1fb8735","SUCCESS",""
"compliance-level-3/1117-feel-date-and-time-function","1117-feel-date-and-time-function-test-01","025_0cb7f83ec6","SUCCESS",""
"compliance-level-3/1117-feel-date-and-time-function","1117-feel-date-and-time-function-test-01","026_5ba081cd5f","SUCCESS",""
"compliance-level-3/1117-feel-date-and-time-function","1117-feel-date-and-time-function-test-01","027_ae365197dd","SUCCESS",""
"compliance-level-3/1117-feel-date-and-time-function","1117-feel-date-and-time-function-test-01","028_1c3d56275f","SUCCESS",""
"compliance-level-3/1117-feel-date-and-time-function","1117-feel-date-and-time-function-test-01","029_e3a5e786a0","ERROR","FAILURE: 'feel-date-and-time-function_029_e3a5e786a0' expected='null' but found='2017-01-01T23:59:01'"
"compliance-level-3/1117-feel-date-and-time-function","1117-feel-date-and-time-function-test-01","030_2f97bff606","ERROR","FAILURE: 'feel-date-and-time-function_030_2f97bff606' expected='null' but found='2017-01-01T23:59:01Z'"
"compliance-level-3/1117-feel-date-and-time-function","1117-feel-date-and-time-function-test-01","031_61e70c285f","ERROR","FAILURE: 'feel-date-and-time-function_031_61e70c285f' expected='null' but found='2017-01-01T23:59:01+02:00'"
"compliance-level-3/1117-feel-date-and-time-function","1117-feel-date-and-time-function-test-01","032_1e95e8726e","SUCCESS",""
"compliance-level-3/1117-feel-date-and-time-function","1117-feel-date-and-time-function-test-01","033_2fac4d6807","SUCCESS",""
"compliance-level-3/1117-feel-date-and-time-function","1117-feel-date-and-time-function-test-01","034_75580be3aa","ERROR","FAILURE: 'feel-date-and-time-function_034_75580be3aa' expected='null' but found='2017-08-10T23:59:01'"
"compliance-level-3/1117-feel-date-and-time-function","1117-feel-date-and-time-function-test-01","035_831b1ad0c5","ERROR","FAILURE: 'feel-date-and-time-function_035_831b1ad0c5' expected='null' but found='2017-08-10T23:59:01.987654321'"
"compliance-level-3/1117-feel-date-and-time-function","1117-feel-date-and-time-function-test-01","036_189e1c3095","ERROR","FAILURE: 'feel-date-and-time-function_036_189e1c3095' expected='null' but found='2017-09-05T09:15:30+02:00'"
"compliance-level-3/1117-feel-date-and-time-function","1117-feel-date-and-time-function-test-01","037_c7aec7ecf7","ERROR","FAILURE: 'feel-date-and-time-function_037_c7aec7ecf7' expected='null' but found='2017-09-05T09:15:30Z'"
"compliance-level-3/1117-feel-date-and-time-function","1117-feel-date-and-time-function-test-01","038_1493e6d873","ERROR","FAILURE: 'feel-date-and-time-function_038_1493e6d873' expected='null' but found='2017-09-05T09:15:30.987654321+02:00'"
"compliance-level-3/1117-feel-date-and-time-function","1117-feel-date-and-time-function-test-01","039_593292b25c","ERROR","FAILURE: 'feel-date-and-time-function_039_593292b25c' expected='null' but found='2017-09-05T09:15:30.123456Z'"
"compliance-level-3/1117-feel-date-and-time-function","1117-feel-date-and-time-function-test-01","040_d9116e1daa","SUCCESS",""
"compliance-level-3/1117-feel-date-and-time-function","1117-feel-date-and-time-function-test-01","041_c6decfe6a3","ERROR","FAILURE: 'feel-date-and-time-function_041_c6decfe6a3' expected='null' but found='2017-08-10T23:59:01'"
"compliance-level-3/1117-feel-date-and-time-function","1117-feel-date-and-time-function-test-01","042_0cbcc3d1dc","ERROR","FAILURE: 'feel-date-and-time-function_042_0cbcc3d1dc' expected='null' but found='2017-08-10T23:59:01.987654321'"
"compliance-level-3/1117-feel-date-and-time-function","1117-feel-date-and-time-function-test-01","043_2e4177d00c","ERROR","FAILURE: 'feel-date-and-time-function_043_2e4177d00c' expected='null' but found='2017-09-05T09:15:30+02:00'"
"compliance-level-3/1117-feel-date-and-time-function","1117-feel-date-and-time-function-test-01","044_9404547f9d","ERROR","FAILURE: 'feel-date-and-time-function_044_9404547f9d' expected='null' but found='2017-09-05T09:15:30Z'"
"compliance-level-3/1117-feel-date-and-time-function","1117-feel-date-and-time-function-test-01","045_5d93a541eb","ERROR","FAILURE: 'feel-date-and-time-function_045_5d93a541eb' expected='null' but found='2017-09-05T09:15:30.987654321+02:00'"
"compliance-level-3/1117-feel-date-and-time-function","1117-feel-date-and-time-function-test-01","046_89c1cd8daa","ERROR","FAILURE: 'feel-date-and-time-function_046_89c1cd8daa' expected='null' but found='2017-09-05T09:15:30.123456Z'"
"compliance-level-3/1117-feel-date-and-time-function","1117-feel-date-and-time-function-test-01","047_60ea7838ce","SUCCESS",""
"compliance-level-3/1117-feel-date-and-time-function","1117-feel-date-and-time-function-test-01","048_e387922273","ERROR","FAILURE: 'feel-date-and-time-function_048_e387922273' expected='null' but found='2017-08-10T23:59:01'"
"compliance-level-3/1117-feel-date-and-time-function","1117-feel-date-and-time-function-test-01","049_eb9cd1f777","ERROR","FAILURE: 'feel-date-and-time-function_049_eb9cd1f777' expected='null' but found='2017-08-10T23:59:01.987654321'"
"compliance-level-3/1117-feel-date-and-time-function","1117-feel-date-and-time-function-test-01","050_2d960354af","ERROR","FAILURE: 'feel-date-and-time-function_050_2d960354af' expected='null' but found='2017-09-05T09:15:30+02:00'"
"compliance-level-3/1117-feel-date-and-time-function","1117-feel-date-and-time-function-test-01","051_46bdaa00b0","ERROR","FAILURE: 'feel-date-and-time-function_051_46bdaa00b0' expected='null' but found='2017-09-05T09:15:30Z'"
"compliance-level-3/1117-feel-date-and-time-function","1117-feel-date-and-time-function-test-01","052_911dbd0a24","ERROR","FAILURE: 'feel-date-and-time-function_052_911dbd0a24' expected='null' but found='2017-09-05T09:15:30.987654321+02:00'"
"compliance-level-3/1117-feel-date-and-time-function","1117-feel-date-and-time-function-test-01","053_283c083df9","ERROR","FAILURE: 'feel-date-and-time-function_053_283c083df9' expected='null' but found='2017-09-05T09:15:30.123456Z'"
"compliance-level-3/1117-feel-date-and-time-function","1117-feel-date-and-time-function-test-01","054_2561a406fc","SUCCESS",""
"compliance-level-3/1117-feel-date-and-time-function","1117-feel-date-and-time-function-test-01","055_6ce9202e17","SUCCESS",""
"compliance-level-3/1117-feel-date-and-time-function","1117-feel-date-and-time-function-test-01","056_e66397568e","SUCCESS",""
"compliance-level-3/1117-feel-date-and-time-function","1117-feel-date-and-time-function-test-01","057_0452ca8719","SUCCESS",""
"compliance-level-3/1117-feel-date-and-time-function","1117-feel-date-and-time-function-test-01","058_588040ceaa","SUCCESS",""
"compliance-level-3/1117-feel-date-and-time-function","1117-feel-date-and-time-function-test-01","059_dfc62a3ebc","SUCCESS",""
"compliance-level-3/1117-feel-date-and-time-function","1117-feel-date-and-time-function-test-01","060_890c302575","SUCCESS",""
"compliance-level-3/1117-feel-date-and-time-function","1117-feel-date-and-time-function-test-01","061_38ea1fc94d","SUCCESS",""
"compliance-level-3/1117-feel-date-and-time-function","1117-feel-date-and-time-function-test-01","062_528aa370a3","SUCCESS",""
"compliance-level-3/1117-feel-date-and-time-function","1117-feel-date-and-time-function-test-01","063_2c94303011","SUCCESS",""
"compliance-level-3/1117-feel-date-and-time-function","1117-feel-date-and-time-function-test-01","064_926a372666","SUCCESS",""
"compliance-level-3/1117-feel-date-and-time-function","1117-feel-date-and-time-function-test-01","065_a13de18ee4","SUCCESS",""
"compliance-level-3/1117-feel-date-and-time-function","1117-feel-date-and-time-function-test-01","066_e9f3d6d2c2","SUCCESS",""
"compliance-level-3/1117-feel-date-and-time-function","1117-feel-date-and-time-function-test-01","067_35fef99b53","SUCCESS",""
"compliance-level-3/1117-feel-date-and-time-function","1117-feel-date-and-time-function-test-01","068_abaa1c2774","SUCCESS",""
"compliance-level-3/1117-feel-date-and-time-function","1117-feel-date-and-time-function-test-01","069_ca84e9c806","SUCCESS",""
"compliance-level-3/1117-feel-date-and-time-function","1117-feel-date-and-time-function-test-01","070_889c75a0cf","SUCCESS",""
"compliance-level-3/1117-feel-date-and-time-function","1117-feel-date-and-time-function-test-01","071_e90b813dfe","SUCCESS",""
"compliance-level-3/1117-feel-date-and-time-function","1117-feel-date-and-time-function-test-01","072_9f3e9b9c21","SUCCESS",""
"compliance-level-3/1117-feel-date-and-time-function","1117-feel-date-and-time-function-test-01","073_717548bec6","SUCCESS",""
"compliance-level-3/1117-feel-date-and-time-function","1117-feel-date-and-time-function-test-01","074_a15e7f8d29","SUCCESS",""
"compliance-level-3/1117-feel-date-and-time-function","1117-feel-date-and-time-function-test-01","075_4c3b8e7097","SUCCESS",""
"compliance-level-3/1117-feel-date-and-time-function","1117-feel-date-and-time-function-test-01","076_4d31fed18e","SUCCESS",""
"compliance-level-3/1117-feel-date-and-time-function","1117-feel-date-and-time-function-test-01","077_f83b3ac8bb","SUCCESS",""
"compliance-level-3/1117-feel-date-and-time-function","1117-feel-date-and-time-function-test-01","078_e113dabcdd","SUCCESS",""
"compliance-level-3/1117-feel-date-and-time-function","1117-feel-date-and-time-function-test-01","079_2e6f80eb94","SUCCESS",""
"compliance-level-3/1117-feel-date-and-time-function","1117-feel-date-and-time-function-test-01","080_69de952053","SUCCESS",""
"compliance-level-3/1117-feel-date-and-time-function","1117-feel-date-and-time-function-test-01","081_e063215a7c","SUCCESS",""
"compliance-level-3/1117-feel-date-and-time-function","1117-feel-date-and-time-function-test-01","082_5b6ed4e801","SUCCESS",""
"compliance-level-3/1117-feel-date-and-time-function","1117-feel-date-and-time-function-test-01","083_4f41731f2a","SUCCESS",""
"compliance-level-3/1117-feel-date-and-time-function","1117-feel-date-and-time-function-test-01","084_c633b01603","SUCCESS",""
"compliance-level-3/1117-feel-date-and-time-function","1117-feel-date-and-time-function-test-01","085_a604a1bc80","SUCCESS",""
"compliance-level-3/1117-feel-date-and-time-function","1117-feel-date-and-time-function-test-01","086_12ca8ac1d3","ERROR","FAILURE: 'feel-date-and-time-function_086_12ca8ac1d3' expected='null' but found='2012-12-24T23:59'"
"compliance-level-3/1117-feel-date-and-time-function","1117-feel-date-and-time-function-test-01","087_e9fd32063a","ERROR","FAILURE: 'feel-date-and-time-function_087_e9fd32063a' expected='null' but found='2017-01-01T23:59:01'"
"compliance-level-3/1117-feel-date-and-time-function","1117-feel-date-and-time-function-test-01","088_1db0287718","ERROR","FAILURE: 'feel-date-and-time-function_088_1db0287718' expected='null' but found='2017-01-01T23:59:01'"
"compliance-level-3/0005-literal-invocation","0005-literal-invocation-test-01","001","SUCCESS",""
"compliance-level-3/0005-literal-invocation","0005-literal-invocation-test-01","002","SUCCESS",""
"compliance-level-3/0005-literal-invocation","0005-literal-invocation-test-01","003","SUCCESS",""
"compliance-level-3/1102-feel-ceiling-function","1102-feel-ceiling-function-test-01","001_3df249d9c6","SUCCESS",""
"compliance-level-3/1102-feel-ceiling-function","1102-feel-ceiling-function-test-01","002_1052993cd8","SUCCESS",""
"compliance-level-3/1102-feel-ceiling-function","1102-feel-ceiling-function-test-01","003_ca33989df5","SUCCESS",""
"compliance-level-3/1102-feel-ceiling-function","1102-feel-ceiling-function-test-01","004_be4a3e809c","SUCCESS",""
"compliance-level-3/1102-feel-ceiling-function","1102-feel-ceiling-function-test-01","005_cc56ed5373","SUCCESS",""
"compliance-level-3/1102-feel-ceiling-function","1102-feel-ceiling-function-test-01","006_bbdf3bf8d7","SUCCESS",""
"compliance-level-3/1104-feel-string-length-function","1104-feel-string-length-function-test-01","001_1afe6930d1","SUCCESS",""
"compliance-level-3/1104-feel-string-length-function","1104-feel-string-length-function-test-01","002_249c23050d","SUCCESS",""
"compliance-level-3/1104-feel-string-length-function","1104-feel-string-length-function-test-01","003_e1df507dee","SUCCESS",""
"compliance-level-3/1104-feel-string-length-function","1104-feel-string-length-function-test-01","004_f4c02fac3d","SUCCESS",""
"compliance-level-3/1104-feel-string-length-function","1104-feel-string-length-function-test-01","005_ca834dabac","SUCCESS",""
"compliance-level-3/1104-feel-string-length-function","1104-feel-string-length-function-test-01","006_6c4930a0eb","SUCCESS",""
"compliance-level-3/1103-feel-substring-function","1103-feel-substring-function-test-01","001_53051b5628","SUCCESS",""
"compliance-level-3/1103-feel-substring-function","1103-feel-substring-function-test-01","002_03d12b93f0","SUCCESS",""
"compliance-level-3/1103-feel-substring-function","1103-feel-substring-function-test-01","003_6d06b1d2ec","SUCCESS",""
"compliance-level-3/1103-feel-substring-function","1103-feel-substring-function-test-01","004_938a24e7af","SUCCESS",""
"compliance-level-3/1103-feel-substring-function","1103-feel-substring-function-test-01","005_21fcca286c","SUCCESS",""
"compliance-level-3/1103-feel-substring-function","1103-feel-substring-function-test-01","006_253e533bc6","SUCCESS",""
"compliance-level-3/1103-feel-substring-function","1103-feel-substring-function-test-01","007_3e021f33a8","SUCCESS",""
"compliance-level-3/1103-feel-substring-function","1103-feel-substring-function-test-01","008_ddeffdc93e","SUCCESS",""
"compliance-level-3/1103-feel-substring-function","1103-feel-substring-function-test-01","009_b52405c384","SUCCESS",""
"compliance-level-3/1103-feel-substring-function","1103-feel-substring-function-test-01","010_fbf9a89fde","SUCCESS",""
"compliance-level-3/1103-feel-substring-function","1103-feel-substring-function-test-01","011_a559ce6410","SUCCESS",""
"compliance-level-3/1106-feel-lower-case-function","1106-feel-lower-case-function-test-01","001_f6ff05bcfa","SUCCESS",""
"compliance-level-3/1106-feel-lower-case-function","1106-feel-lower-case-function-test-01","002_0ecb21e1d8","SUCCESS",""
"compliance-level-3/1106-feel-lower-case-function","1106-feel-lower-case-function-test-01","003_af9f3a8dab","SUCCESS",""
"compliance-level-3/1106-feel-lower-case-function","1106-feel-lower-case-function-test-01","004_2dbf99e8c0","SUCCESS",""
"compliance-level-3/1106-feel-lower-case-function","1106-feel-lower-case-function-test-01","005_ad33325968","SUCCESS",""
"compliance-level-3/1106-feel-lower-case-function","1106-feel-lower-case-function-test-01","006_d8257b3b92","SUCCESS",""
"compliance-level-3/1106-feel-lower-case-function","1106-feel-lower-case-function-test-01","007_a2ce59499a","SUCCESS",""
"compliance-level-3/1106-feel-lower-case-function","1106-feel-lower-case-function-test-01","008_9913ad454f","SUCCESS",""
"compliance-level-3/1106-feel-lower-case-function","1106-feel-lower-case-function-test-01","009_78e6b2969b","SUCCESS",""
"compliance-level-3/1109-feel-replace-function","1109-feel-replace-function-test-01","001_7637e5a8ed","SUCCESS",""
"compliance-level-3/1109-feel-replace-function","1109-feel-replace-function-test-01","002_b5c242ccd4","SUCCESS",""
"compliance-level-3/1109-feel-replace-function","1109-feel-replace-function-test-01","003_bf7aa95050","SUCCESS",""
"compliance-level-3/1109-feel-replace-function","1109-feel-replace-function-test-01","004_55a2186006","SUCCESS",""
"compliance-level-3/1109-feel-replace-function","1109-feel-replace-function-test-01","005_271d93aa68","SUCCESS",""
"compliance-level-3/1109-feel-replace-function","1109-feel-replace-function-test-01","006_9cd005d2e2","SUCCESS",""
"compliance-level-3/1109-feel-replace-function","1109-feel-replace-function-test-01","007_91583e38c9","SUCCESS",""
"compliance-level-3/1109-feel-replace-function","1109-feel-replace-function-test-01","008_8c7c3871f8","SUCCESS",""
"compliance-level-3/1109-feel-replace-function","1109-feel-replace-function-test-01","009_b1e4220bc9","SUCCESS",""
"compliance-level-3/1109-feel-replace-function","1109-feel-replace-function-test-01","010_cd4e7a6d9f","SUCCESS",""
"compliance-level-3/1109-feel-replace-function","1109-feel-replace-function-test-01","011_c310665f57","SUCCESS",""
"compliance-level-3/1109-feel-replace-function","1109-feel-replace-function-test-01","012_b0cf9e6723","SUCCESS",""
"compliance-level-3/1109-feel-replace-function","1109-feel-replace-function-test-01","013_f669d03fa9","SUCCESS",""
"compliance-level-3/1109-feel-replace-function","1109-feel-replace-function-test-01","014_cea33baeee","SUCCESS",""
"compliance-level-3/1109-feel-replace-function","1109-feel-replace-function-test-01","015_57ce78ec8a","SUCCESS",""
"compliance-level-3/1109-feel-replace-function","1109-feel-replace-function-test-01","016_1c38095f50","SUCCESS",""
"compliance-level-3/1109-feel-replace-function","1109-feel-replace-function-test-01","017_b9c3c03b87","SUCCESS",""
"compliance-level-3/1109-feel-replace-function","1109-feel-replace-function-test-01","018_aba3349043","SUCCESS",""
"compliance-level-3/1109-feel-replace-function","1109-feel-replace-function-test-01","019_6ef91033ad","SUCCESS",""
"compliance-level-3/1109-feel-replace-function","1109-feel-replace-function-test-01","020_52d93a8851","SUCCESS",""
"compliance-level-3/1109-feel-replace-function","1109-feel-replace-function-test-01","021_e33828e3da","SUCCESS",""
"compliance-level-3/1109-feel-replace-function","1109-feel-replace-function-test-01","022_bd75fac0bd","SUCCESS",""
"compliance-level-3/1109-feel-replace-function","1109-feel-replace-function-test-01","023_5c337d3725","SUCCESS",""
"compliance-level-3/1109-feel-replace-function","1109-feel-replace-function-test-01","024_4a89220cd6","SUCCESS",""
"compliance-level-3/1109-feel-replace-function","1109-feel-replace-function-test-01","025_b7f9525875","SUCCESS",""
"compliance-level-3/1109-feel-replace-function","1109-feel-replace-function-test-01","026_acb176590a","SUCCESS",""
"compliance-level-3/1109-feel-replace-function","1109-feel-replace-function-test-01","027_d8d25f40e5","SUCCESS",""
"compliance-level-3/1109-feel-replace-function","1109-feel-replace-function-test-01","028_96e8c698af","SUCCESS",""
"compliance-level-3/1121-feel-years-and-months-duration-function","1121-feel-years-and-months-duration-function-test-01","001_b24a0c91f2","SUCCESS",""
"compliance-level-3/1121-feel-years-and-months-duration-function","1121-feel-years-and-months-duration-function-test-01","002_4e7651ae0e","SUCCESS",""
"compliance-level-3/1121-feel-years-and-months-duration-function","1121-feel-years-and-months-duration-function-test-01","003_0886738d31","SUCCESS",""
"compliance-level-3/1121-feel-years-and-months-duration-function","1121-feel-years-and-months-duration-function-test-01","004_1bdfef922b","SUCCESS",""
"compliance-level-3/1121-feel-years-and-months-duration-function","1121-feel-years-and-months-duration-function-test-01","005_d0a077da4e","SUCCESS",""
"compliance-level-3/1121-feel-years-and-months-duration-function","1121-feel-years-and-months-duration-function-test-01","006_f20de28d3f","SUCCESS",""
"compliance-level-3/1121-feel-years-and-months-duration-function","1121-feel-years-and-months-duration-function-test-01","007_0921c3d61a","SUCCESS",""
"compliance-level-3/1121-feel-years-and-months-duration-function","1121-feel-years-and-months-duration-function-test-01","008_015d35b442","ERROR","FAILURE: 'feel-years-and-months-duration-function_008_015d35b442' expected='null' but found='P1Y8M'"
"compliance-level-3/1121-feel-years-and-months-duration-function","1121-feel-years-and-months-duration-function-test-01","009_635028a5d8","ERROR","FAILURE: 'feel-years-and-months-duration-function_009_635028a5d8' expected='null' but found='P-1Y-8M'"
"compliance-level-3/1121-feel-years-and-months-duration-function","1121-feel-years-and-months-duration-function-test-01","010_caaa2e5002","ERROR","FAILURE: 'feel-years-and-months-duration-function_010_caaa2e5002' expected='null' but found='P1Y'"
"compliance-level-3/1121-feel-years-and-months-duration-function","1121-feel-years-and-months-duration-function-test-01","011_3fac022eb0","ERROR","FAILURE: 'feel-years-and-months-duration-function_011_3fac022eb0' expected='null' but found='P-1Y'"
"compliance-level-3/1121-feel-years-and-months-duration-function","1121-feel-years-and-months-duration-function-test-01","012_331ef38ce0","ERROR","FAILURE: 'feel-years-and-months-duration-function_012_331ef38ce0' expected='null' but found='P0D'"
"compliance-level-3/1121-feel-years-and-months-duration-function","1121-feel-years-and-months-duration-function-test-01","013_2f3cc46d9d","ERROR","FAILURE: 'feel-years-and-months-duration-function_013_2f3cc46d9d' expected='null' but found='P0D'"
"compliance-level-3/1121-feel-years-and-months-duration-function","1121-feel-years-and-months-duration-function-test-01","014_1fadbba7cd","ERROR","FAILURE: 'feel-years-and-months-duration-function_014_1fadbba7cd' expected='null' but found='P1Y2M'"
"compliance-level-3/1121-feel-years-and-months-duration-function","1121-feel-years-and-months-duration-function-test-01","015_0e496f94fc","ERROR","FAILURE: 'feel-years-and-months-duration-function_015_0e496f94fc' expected='null' but found='P7Y6M'"
"compliance-level-3/1121-feel-years-and-months-duration-function","1121-feel-years-and-months-duration-function-test-01","016_b38662aa93","ERROR","FAILURE: 'feel-years-and-months-duration-function_016_b38662aa93' expected='null' but found='P4Y9M'"
"compliance-level-3/1121-feel-years-and-months-duration-function","1121-feel-years-and-months-duration-function-test-01","017_86744b9a54","ERROR","FAILURE: 'feel-years-and-months-duration-function_017_86744b9a54' expected='null' but found='P-11M'"
"compliance-level-3/1121-feel-years-and-months-duration-function","1121-feel-years-and-months-duration-function-test-01","018_8a9ed1d66d","ERROR","FAILURE: 'feel-years-and-months-duration-function_018_8a9ed1d66d' expected='null' but found='P-4033Y-2M'"
"compliance-level-3/1121-feel-years-and-months-duration-function","1121-feel-years-and-months-duration-function-test-01","019_90c2084588","ERROR","FAILURE: 'feel-years-and-months-duration-function_019_90c2084588' expected='null' but found='P-4035Y-11M'"
"compliance-level-3/1121-feel-years-and-months-duration-function","1121-feel-years-and-months-duration-function-test-01","020_8ead9a0377","ERROR","FAILURE: 'feel-years-and-months-duration-function_020_8ead9a0377' expected='null' but found='P2Y'"
"compliance-level-3/1121-feel-years-and-months-duration-function","1121-feel-years-and-months-duration-function-test-01","021_8a7d311ae9","ERROR","FAILURE: 'feel-years-and-months-duration-function_021_8a7d311ae9' expected='null' but found='P11M'"
"compliance-level-3/1121-feel-years-and-months-duration-function","1121-feel-years-and-months-duration-function-test-01","022_87e369773b","ERROR","FAILURE: 'feel-years-and-months-duration-function_022_87e369773b' expected='null' but found='P5Y7M'"
"compliance-level-3/1121-feel-years-and-months-duration-function","1121-feel-years-and-months-duration-function-test-01","023_6385c7a83e","ERROR","FAILURE: 'feel-years-and-months-duration-function_023_6385c7a83e' expected='null' but found='P1Y'"
"compliance-level-3/1121-feel-years-and-months-duration-function","1121-feel-years-and-months-duration-function-test-01","024_e96d1bd93a","ERROR","FAILURE: 'feel-years-and-months-duration-function_024_e96d1bd93a' expected='null' but found='P4Y'"
"compliance-level-3/1121-feel-years-and-months-duration-function","1121-feel-years-and-months-duration-function-test-01","025_161f6fca54","ERROR","FAILURE: 'feel-years-and-months-duration-function_025_161f6fca54' expected='null' but found='P2Y9M'"
"compliance-level-3/1121-feel-years-and-months-duration-function","1121-feel-years-and-months-duration-function-test-01","026_fcc906b375","ERROR","FAILURE: 'feel-years-and-months-duration-function_026_fcc906b375' expected='null' but found='P3Y'"
"compliance-level-3/1121-feel-years-and-months-duration-function","1121-feel-years-and-months-duration-function-test-01","027_3374dd86c6","SUCCESS",""
"compliance-level-3/1121-feel-years-and-months-duration-function","1121-feel-years-and-months-duration-function-test-01","028_77600e7b35","SUCCESS",""
"compliance-level-3/1121-feel-years-and-months-duration-function","1121-feel-years-and-months-duration-function-test-01","029_15a0d0d9c1","SUCCESS",""
"compliance-level-3/1121-feel-years-and-months-duration-function","1121-feel-years-and-months-duration-function-test-01","030_ec16878596","SUCCESS",""
"compliance-level-3/1121-feel-years-and-months-duration-function","1121-feel-years-and-months-duration-function-test-01","031_4fd9c09d89","ERROR","FAILURE: 'feel-years-and-months-duration-function_031_4fd9c09d89' expected='null' but found='P4Y3M'"
"compliance-level-3/1121-feel-years-and-months-duration-function","1121-feel-years-and-months-duration-function-test-01","032_2a09ac80d0","ERROR","FAILURE: 'feel-years-and-months-duration-function_032_2a09ac80d0' expected='null' but found='P2Y4M'"
"compliance-level-3/1121-feel-years-and-months-duration-function","1121-feel-years-and-months-duration-function-test-01","033_7333eca866","ERROR","FAILURE: 'feel-years-and-months-duration-function_033_7333eca866' expected='null' but found='P1Y'"
"compliance-level-3/1121-feel-years-and-months-duration-function","1121-feel-years-and-months-duration-function-test-01","034_c2cc06724c","ERROR","FAILURE: 'feel-years-and-months-duration-function_034_c2cc06724c' expected='null' but found='P2Y'"
"compliance-level-3/1121-feel-years-and-months-duration-function","1121-feel-years-and-months-duration-function-test-01","035_dc05f9555d","ERROR","FAILURE: 'feel-years-and-months-duration-function_035_dc05f9555d' expected='null' but found='P1Y8M'"
"compliance-level-3/1121-feel-years-and-months-duration-function","1121-feel-years-and-months-duration-function-test-01","036_f8c8b02ba3","ERROR","FAILURE: 'feel-years-and-months-duration-function_036_f8c8b02ba3' expected='null' but found='P-1Y'"
"compliance-level-3/0033-for-loops","0033-for-loops-test-01","001","SUCCESS",""
"compliance-level-3/0033-for-loops","0033-for-loops-test-01","002","SUCCESS",""
"compliance-level-3/0033-for-loops","0033-for-loops-test-01","003","SUCCESS",""
"compliance-level-3/0033-for-loops","0033-for-loops-test-01","004","SUCCESS",""
"compliance-level-3/1100-feel-decimal-function","1100-feel-decimal-function-test-01","001_af177e63fc","SUCCESS",""
"compliance-level-3/1100-feel-decimal-function","1100-feel-decimal-function-test-01","002_f4ed9cd487","SUCCESS",""
"compliance-level-3/1100-feel-decimal-function","1100-feel-decimal-function-test-01","003_2d50ec7ffc","SUCCESS",""
"compliance-level-3/1100-feel-decimal-function","1100-feel-decimal-function-test-01","004_bb6f445d2c","SUCCESS",""
"compliance-level-3/1100-feel-decimal-function","1100-feel-decimal-function-test-01","005_55d33eadf6","SUCCESS",""
"compliance-level-3/1100-feel-decimal-function","1100-feel-decimal-function-test-01","006_d9661e1d45","SUCCESS",""
"compliance-level-3/1100-feel-decimal-function","1100-feel-decimal-function-test-01","007_49f7a22058","SUCCESS",""
"compliance-level-3/1100-feel-decimal-function","1100-feel-decimal-function-test-01","008_73e4f1c8b9","SUCCESS",""
"compliance-level-3/1100-feel-decimal-function","1100-feel-decimal-function-test-01","009_398b94286e","SUCCESS",""
"compliance-level-3/1100-feel-decimal-function","1100-feel-decimal-function-test-01","010_4b46e59c8b","SUCCESS",""
"compliance-level-3/0010-concatenate","0010-concatenate-test-01","001","ERROR","FAILURE: 'literalNestedList' expected='[[null, null], [null], [null]]' but found='[[w, x], [y], [z]]'
FAILURE: 'concatenate2' expected='[a, b, c, w, x, y, z]' but found='[a, b, c, null, null, null, null]'
FAILURE: 'concatenate3' expected='[a, b, c, w, x, y, z]' but found='[a, b, c, null, null, null, null]'
FAILURE: 'concatenate4' expected='[[null, null, null], [null, null], [null], [null]]' but found='[[a, b, c], [w, x], [y], [z]]'"
"compliance-level-3/1116-feel-time-function","1116-feel-time-function-test-01","001_bdf26fdc72","SUCCESS",""
"compliance-level-3/1116-feel-time-function","1116-feel-time-function-test-01","002_9d2e399b96","SUCCESS",""
"compliance-level-3/1116-feel-time-function","1116-feel-time-function-test-01","003_d1f0ea5bb9","SUCCESS",""
"compliance-level-3/1116-feel-time-function","1116-feel-time-function-test-01","004_57aea91d1c","SUCCESS",""
"compliance-level-3/1116-feel-time-function","1116-feel-time-function-test-01","005_32ea20b34f","SUCCESS",""
"compliance-level-3/1116-feel-time-function","1116-feel-time-function-test-01","006_e266498180","SUCCESS",""
"compliance-level-3/1116-feel-time-function","1116-feel-time-function-test-01","007_ee82c7bf12","SUCCESS",""
"compliance-level-3/1116-feel-time-function","1116-feel-time-function-test-01","008_08078c6c29","SUCCESS",""
"compliance-level-3/1116-feel-time-function","1116-feel-time-function-test-01","009_804c21ed52","SUCCESS",""
"compliance-level-3/1116-feel-time-function","1116-feel-time-function-test-01","010_cc773bb44b","SUCCESS",""
"compliance-level-3/1116-feel-time-function","1116-feel-time-function-test-01","011_ad5b3a26b5","SUCCESS",""
"compliance-level-3/1116-feel-time-function","1116-feel-time-function-test-01","012_3c2f416fc9","SUCCESS",""
"compliance-level-3/1116-feel-time-function","1116-feel-time-function-test-01","013_7f22c0bda8","SUCCESS",""
"compliance-level-3/1116-feel-time-function","1116-feel-time-function-test-01","014_0dc13176e8","SUCCESS",""
"compliance-level-3/1116-feel-time-function","1116-feel-time-function-test-01","015_376d693a79","SUCCESS",""
"compliance-level-3/1116-feel-time-function","1116-feel-time-function-test-01","016_c3cccff405","SUCCESS",""
"compliance-level-3/1116-feel-time-function","1116-feel-time-function-test-01","017_f3683885f5","SUCCESS",""
"compliance-level-3/1116-feel-time-function","1116-feel-time-function-test-01","018_35f1f2cce8","SUCCESS",""
"compliance-level-3/1116-feel-time-function","1116-feel-time-function-test-01","019_879be89d63","SUCCESS",""
"compliance-level-3/1116-feel-time-function","1116-feel-time-function-test-01","020_72b421086e","SUCCESS",""
"compliance-level-3/1116-feel-time-function","1116-feel-time-function-test-01","021_5c50fa1dff","SUCCESS",""
"compliance-level-3/1116-feel-time-function","1116-feel-time-function-test-01","022_55e76d3595","SUCCESS",""
"compliance-level-3/1116-feel-time-function","1116-feel-time-function-test-01","023_5cbbb85435","SUCCESS",""
"compliance-level-3/1116-feel-time-function","1116-feel-time-function-test-01","024_5f7f735e8f","SUCCESS",""
"compliance-level-3/1116-feel-time-function","1116-feel-time-function-test-01","025_139b25b795","SUCCESS",""
"compliance-level-3/1116-feel-time-function","1116-feel-time-function-test-01","026_c5208af118","SUCCESS",""
"compliance-level-3/1116-feel-time-function","1116-feel-time-function-test-01","027_45082fd26c","SUCCESS",""
"compliance-level-3/1116-feel-time-function","1116-feel-time-function-test-01","028_eaea7a943c","SUCCESS",""
"compliance-level-3/1116-feel-time-function","1116-feel-time-function-test-01","029_f0d5c2c16a","SUCCESS",""
"compliance-level-3/1116-feel-time-function","1116-feel-time-function-test-01","030_390d4f4648","SUCCESS",""
"compliance-level-3/1116-feel-time-function","1116-feel-time-function-test-01","031_4d086a3b59","SUCCESS",""
"compliance-level-3/1116-feel-time-function","1116-feel-time-function-test-01","032_d9b0d7f931","SUCCESS",""
"compliance-level-3/1116-feel-time-function","1116-feel-time-function-test-01","033_8420160da1","SUCCESS",""
"compliance-level-3/1116-feel-time-function","1116-feel-time-function-test-01","034_13c312c376","SUCCESS",""
"compliance-level-3/1116-feel-time-function","1116-feel-time-function-test-01","035_fbfce88ac4","SUCCESS",""
"compliance-level-3/1116-feel-time-function","1116-feel-time-function-test-01","036_eb05fabc01","SUCCESS",""
"compliance-level-3/1116-feel-time-function","1116-feel-time-function-test-01","037_eed195f693","SUCCESS",""
"compliance-level-3/1116-feel-time-function","1116-feel-time-function-test-01","038_05b311131c","SUCCESS",""
"compliance-level-3/1116-feel-time-function","1116-feel-time-function-test-01","039_5b65992f0d","SUCCESS",""
"compliance-level-3/1116-feel-time-function","1116-feel-time-function-test-01","040_6c9d17b491","SUCCESS",""
"compliance-level-3/1116-feel-time-function","1116-feel-time-function-test-01","041_29a448d57e","SUCCESS",""
"compliance-level-3/1116-feel-time-function","1116-feel-time-function-test-01","042_00146f2977","SUCCESS",""
"compliance-level-3/1116-feel-time-function","1116-feel-time-function-test-01","043_2edfae8414","SUCCESS",""
"compliance-level-3/1116-feel-time-function","1116-feel-time-function-test-01","044_3073ffd026","SUCCESS",""
"compliance-level-3/1116-feel-time-function","1116-feel-time-function-test-01","045_ad1339e858","SUCCESS",""
"compliance-level-3/1116-feel-time-function","1116-feel-time-function-test-01","046_7b80221ec1","SUCCESS",""
"compliance-level-3/1116-feel-time-function","1116-feel-time-function-test-01","047_33cd7b9b15","SUCCESS",""
"compliance-level-3/1116-feel-time-function","1116-feel-time-function-test-01","048_9bedd52886","SUCCESS",""
"compliance-level-3/1116-feel-time-function","1116-feel-time-function-test-01","049_617d9e09d6","SUCCESS",""
"compliance-level-3/1116-feel-time-function","1116-feel-time-function-test-01","050_524d9a8146","SUCCESS",""
"compliance-level-3/1116-feel-time-function","1116-feel-time-function-test-01","051_a71d2a08f7","SUCCESS",""
"compliance-level-3/1116-feel-time-function","1116-feel-time-function-test-01","052_d825d58888","SUCCESS",""
"compliance-level-3/1116-feel-time-function","1116-feel-time-function-test-01","053_3d956966c0","SUCCESS",""
"compliance-level-3/1116-feel-time-function","1116-feel-time-function-test-01","054_fdc3094237","SUCCESS",""
"compliance-level-3/1116-feel-time-function","1116-feel-time-function-test-01","055_9b47db6ea4","SUCCESS",""
"compliance-level-3/1116-feel-time-function","1116-feel-time-function-test-01","056_a8e828d64d","SUCCESS",""
"compliance-level-3/1116-feel-time-function","1116-feel-time-function-test-01","057_d039115cce","SUCCESS",""
"compliance-level-3/1116-feel-time-function","1116-feel-time-function-test-01","058_81dd4b1639","SUCCESS",""
"compliance-level-3/1116-feel-time-function","1116-feel-time-function-test-01","059_c7e1705fe1","SUCCESS",""
"compliance-level-3/1116-feel-time-function","1116-feel-time-function-test-01","060_0cf4734fae","SUCCESS",""
"compliance-level-3/1116-feel-time-function","1116-feel-time-function-test-01","061_da2717f085","SUCCESS",""
"compliance-level-3/1116-feel-time-function","1116-feel-time-function-test-01","062_6cd1313fa9","SUCCESS",""
"compliance-level-3/1116-feel-time-function","1116-feel-time-function-test-01","063_e85c40b474","SUCCESS",""
"compliance-level-3/1116-feel-time-function","1116-feel-time-function-test-01","064_df74038c67","SUCCESS",""
"compliance-level-3/1116-feel-time-function","1116-feel-time-function-test-01","065_79eaef6fee","SUCCESS",""
"compliance-level-3/1116-feel-time-function","1116-feel-time-function-test-01","066_5116e12fd3","SUCCESS",""
"compliance-level-3/1116-feel-time-function","1116-feel-time-function-test-01","067_8285edad7b","SUCCESS",""
"compliance-level-3/1116-feel-time-function","1116-feel-time-function-test-01","068_ad528abb23","SUCCESS",""
"compliance-level-3/1116-feel-time-function","1116-feel-time-function-test-01","069_5096701e2e","SUCCESS",""
"compliance-level-3/1116-feel-time-function","1116-feel-time-function-test-01","070_8b2e39f570","SUCCESS",""
"compliance-level-3/1116-feel-time-function","1116-feel-time-function-test-01","071_cf9417648b","SUCCESS",""
"compliance-level-3/1116-feel-time-function","1116-feel-time-function-test-01","072_4c8c3835e4","SUCCESS",""
"compliance-level-3/1116-feel-time-function","1116-feel-time-function-test-01","073_a5fc245959","SUCCESS",""
"compliance-level-3/1116-feel-time-function","1116-feel-time-function-test-01","074_387d4411ea","SUCCESS",""
"compliance-level-3/1116-feel-time-function","1116-feel-time-function-test-01","075_1606dda03d","SUCCESS",""
"compliance-level-3/1116-feel-time-function","1116-feel-time-function-test-01","076_cb117ca612","SUCCESS",""
"compliance-level-3/1116-feel-time-function","1116-feel-time-function-test-01","077_a4daad060c","SUCCESS",""
"compliance-level-3/1116-feel-time-function","1116-feel-time-function-test-01","078_c2fe73418b","SUCCESS",""
"compliance-level-3/1116-feel-time-function","1116-feel-time-function-test-01","079_d2d226c3cd","SUCCESS",""
"compliance-level-3/1116-feel-time-function","1116-feel-time-function-test-01","080_2bbb8c86af","SUCCESS",""
"compliance-level-3/1116-feel-time-function","1116-feel-time-function-test-01","081_69f4e0231e","SUCCESS",""
"compliance-level-3/1116-feel-time-function","1116-feel-time-function-test-01","082_36a78e5396","SUCCESS",""
"compliance-level-3/1116-feel-time-function","1116-feel-time-function-test-01","083_6b608254c7","SUCCESS",""
"compliance-level-3/0034-drg-scopes","0034-drg-scopes-test-01","001","SUCCESS",""
"compliance-level-3/0040-singlenestedcontext","0040-singlenestedcontext-test-01","001","SUCCESS",""
"compliance-level-3/0040-singlenestedcontext","0040-singlenestedcontext-test-01","002","SUCCESS",""
"compliance-level-3/0040-singlenestedcontext","0040-singlenestedcontext-test-01","003","SUCCESS",""
"compliance-level-3/0013-sort","0013-sort-test-01","001","SUCCESS",""
"compliance-level-3/0001-filter","0001-filter-test-01","001","SUCCESS",""
"compliance-level-3/1107-feel-substring-before-function","1107-feel-substring-before-function-test-01","001_2e948ccdc7","SUCCESS",""
"compliance-level-3/1107-feel-substring-before-function","1107-feel-substring-before-function-test-01","002_f4de663db7","SUCCESS",""
"compliance-level-3/1107-feel-substring-before-function","1107-feel-substring-before-function-test-01","003_60bc15bade","SUCCESS",""
"compliance-level-3/1107-feel-substring-before-function","1107-feel-substring-before-function-test-01","004_6f93aa7654","SUCCESS",""
"compliance-level-3/1107-feel-substring-before-function","1107-feel-substring-before-function-test-01","005_c8e030633c","SUCCESS",""
"compliance-level-3/1107-feel-substring-before-function","1107-feel-substring-before-function-test-01","006_1c3d39811d","SUCCESS",""
"compliance-level-3/1107-feel-substring-before-function","1107-feel-substring-before-function-test-01","007_ea4e4a38b0","SUCCESS",""
"compliance-level-3/1107-feel-substring-before-function","1107-feel-substring-before-function-test-01","008_501b0a5990","SUCCESS",""
"compliance-level-3/1107-feel-substring-before-function","1107-feel-substring-before-function-test-01","009_a79c5a4111","SUCCESS",""
"compliance-level-3/0014-loan-comparison","0014-loan-comparison-test-01","001","ERROR","FAILURE: 'Bankrates' expected='[null, null, null, null, null, null, null, null, null, null]' but found='[{rate=0.03500, lenderName=Oceans Capital, fee=0, points=0}, {rate=0.03200, lenderName=eClick Lending, fee=2700, points=1.1}, {rate=0.03375, lenderName=eClickLending, fee=1200, points=0.1}, {rate=0.03000, lenderName=AimLoan, fee=3966, points=1.1}, {rate=0.03125, lenderName=Home Loans Today, fee=285, points=1.1}, {rate=0.03125, lenderName=Sebonic, fee=4028, points=0.1}, {rate=0.03125, lenderName=AimLoan, fee=4317, points=0.1}, {rate=0.03125, lenderName=eRates Mortgage, fee=2518, points=1.1}, {rate=0.03250, lenderName=Home Loans Today, fee=822, points=0.1}, {rate=0.03250, lenderName=AimLoan, fee=1995, points=0}]'
FAILURE: 'RankedProducts' expected='{metricsTable=[null, null, null, null, null, null, null, null, null, null], rankByDownPmt=[null, null, null, null, null, null, null, null, null, null], rankByEquityPct=[null, null, null, null, null, null, null, null, null, null], rankByMonthlyPmt=[null, null, null, null, null, null, null, null, null, null], rankByRate=[null, null, null, null, null, null, null, null, null, null]}' but found='{metricsTable=[{paymentAmt=1481.847469769120902911415325410838, rate=0.03500, lenderName=Oceans Capital, fee=0, loanAmt=330000, downPmtAmt=66000.0, points=0, equity36moPct=0.1229130806675864888391782030891032}, {paymentAmt=1454.515807764692215596585144120545, rate=0.03200, lenderName=eClick Lending, fee=2700, loanAmt=336330.000, downPmtAmt=67266.0000, points=1.1, equity36moPct=0.1137029731874587934446846162699216}, {paymentAmt=1465.681565899863510819264705552193, rate=0.03375, lenderName=eClickLending, fee=1200, loanAmt=331530.000, downPmtAmt=66306.0000, points=0.1, equity36moPct=0.1219807467513805938540322263850624}, {paymentAmt=1423.318353709275504544890172906070, rate=0.03000, lenderName=AimLoan, fee=3966, loanAmt=337596.000, downPmtAmt=67519.2000, points=1.1, equity36moPct=0.1154298007315239099518616327317256}, {paymentAmt=1430.409890005738806923767229688247, rate=0.03125, lenderName=Home Loans Today, fee=285, loanAmt=333915.000, downPmtAmt=66783.0000, points=1.1, equity36moPct=0.1219478687825970483711604225077008}, {paymentAmt=1432.307593257382315875048929769861, rate=0.03125, lenderName=Sebonic, fee=4028, loanAmt=334358.000, downPmtAmt=66871.6000, points=0.1, equity36moPct=0.1207829702481517269343529237944680}, {paymentAmt=1433.545598313194898464034056911139, rate=0.03125, lenderName=AimLoan, fee=4317, loanAmt=334647.000, downPmtAmt=66929.4000, points=0.1, equity36moPct=0.1200230251545745307825755713607792}, {paymentAmt=1439.975513845287239177067537323106, rate=0.03125, lenderName=eRates Mortgage, fee=2518, loanAmt=336148.000, downPmtAmt=67229.6000, points=1.1, equity36moPct=0.1160760438900092317382233014543176}, {paymentAmt=1441.194429734569798816940611550485, rate=0.03250, lenderName=Home Loans Today, fee=822, loanAmt=331152.000, downPmtAmt=66230.4000, points=0.1, equity36moPct=0.1261025270361081947340170865041632}, {paymentAmt=1444.863219004349967260442933552276, rate=0.03250, lenderName=AimLoan, fee=1995, loanAmt=331995, downPmtAmt=66399.0, points=0, equity36moPct=0.1238778822515121156167560595555808}], rankByDownPmt=[{paymentAmt=1481.847469769120902911415325410838, rate=0.03500, lenderName=Oceans Capital, fee=0, loanAmt=330000, downPmtAmt=66000.0, points=0, equity36moPct=0.1229130806675864888391782030891032}, {paymentAmt=1441.194429734569798816940611550485, rate=0.03250, lenderName=Home Loans Today, fee=822, loanAmt=331152.000, downPmtAmt=66230.4000, points=0.1, equity36moPct=0.1261025270361081947340170865041632}, {paymentAmt=1465.681565899863510819264705552193, rate=0.03375, lenderName=eClickLending, fee=1200, loanAmt=331530.000, downPmtAmt=66306.0000, points=0.1, equity36moPct=0.1219807467513805938540322263850624}, {paymentAmt=1444.863219004349967260442933552276, rate=0.03250, lenderName=AimLoan, fee=1995, loanAmt=331995, downPmtAmt=66399.0, points=0, equity36moPct=0.1238778822515121156167560595555808}, {paymentAmt=1430.409890005738806923767229688247, rate=0.03125, lenderName=Home Loans Today, fee=285, loanAmt=333915.000, downPmtAmt=66783.0000, points=1.1, equity36moPct=0.1219478687825970483711604225077008}, {paymentAmt=1432.307593257382315875048929769861, rate=0.03125, lenderName=Sebonic, fee=4028, loanAmt=334358.000, downPmtAmt=66871.6000, points=0.1, equity36moPct=0.1207829702481517269343529237944680}, {paymentAmt=1433.545598313194898464034056911139, rate=0.03125, lenderName=AimLoan, fee=4317, loanAmt=334647.000, downPmtAmt=66929.4000, points=0.1, equity36moPct=0.1200230251545745307825755713607792}, {paymentAmt=1439.975513845287239177067537323106, rate=0.03125, lenderName=eRates Mortgage, fee=2518, loanAmt=336148.000, downPmtAmt=67229.6000, points=1.1, equity36moPct=0.1160760438900092317382233014543176}, {paymentAmt=1454.515807764692215596585144120545, rate=0.03200, lenderName=eClick Lending, fee=2700, loanAmt=336330.000, downPmtAmt=67266.0000, points=1.1, equity36moPct=0.1137029731874587934446846162699216}, {paymentAmt=1423.318353709275504544890172906070, rate=0.03000, lenderName=AimLoan, fee=3966, loanAmt=337596.000, downPmtAmt=67519.2000, points=1.1, equity36moPct=0.1154298007315239099518616327317256}], rankByEquityPct=[{paymentAmt=1441.194429734569798816940611550485, rate=0.03250, lenderName=Home Loans Today, fee=822, loanAmt=331152.000, downPmtAmt=66230.4000, points=0.1, equity36moPct=0.1261025270361081947340170865041632}, {paymentAmt=1444.863219004349967260442933552276, rate=0.03250, lenderName=AimLoan, fee=1995, loanAmt=331995, downPmtAmt=66399.0, points=0, equity36moPct=0.1238778822515121156167560595555808}, {paymentAmt=1481.847469769120902911415325410838, rate=0.03500, lenderName=Oceans Capital, fee=0, loanAmt=330000, downPmtAmt=66000.0, points=0, equity36moPct=0.1229130806675864888391782030891032}, {paymentAmt=1465.681565899863510819264705552193, rate=0.03375, lenderName=eClickLending, fee=1200, loanAmt=331530.000, downPmtAmt=66306.0000, points=0.1, equity36moPct=0.1219807467513805938540322263850624}, {paymentAmt=1430.409890005738806923767229688247, rate=0.03125, lenderName=Home Loans Today, fee=285, loanAmt=333915.000, downPmtAmt=66783.0000, points=1.1, equity36moPct=0.1219478687825970483711604225077008}, {paymentAmt=1432.307593257382315875048929769861, rate=0.03125, lenderName=Sebonic, fee=4028, loanAmt=334358.000, downPmtAmt=66871.6000, points=0.1, equity36moPct=0.1207829702481517269343529237944680}, {paymentAmt=1433.545598313194898464034056911139, rate=0.03125, lenderName=AimLoan, fee=4317, loanAmt=334647.000, downPmtAmt=66929.4000, points=0.1, equity36moPct=0.1200230251545745307825755713607792}, {paymentAmt=1439.975513845287239177067537323106, rate=0.03125, lenderName=eRates Mortgage, fee=2518, loanAmt=336148.000, downPmtAmt=67229.6000, points=1.1, equity36moPct=0.1160760438900092317382233014543176}, {paymentAmt=1423.318353709275504544890172906070, rate=0.03000, lenderName=AimLoan, fee=3966, loanAmt=337596.000, downPmtAmt=67519.2000, points=1.1, equity36moPct=0.1154298007315239099518616327317256}, {paymentAmt=1454.515807764692215596585144120545, rate=0.03200, lenderName=eClick Lending, fee=2700, loanAmt=336330.000, downPmtAmt=67266.0000, points=1.1, equity36moPct=0.1137029731874587934446846162699216}], rankByMonthlyPmt=[{paymentAmt=1423.318353709275504544890172906070, rate=0.03000, lenderName=AimLoan, fee=3966, loanAmt=337596.000, downPmtAmt=67519.2000, points=1.1, equity36moPct=0.1154298007315239099518616327317256}, {paymentAmt=1430.409890005738806923767229688247, rate=0.03125, lenderName=Home Loans Today, fee=285, loanAmt=333915.000, downPmtAmt=66783.0000, points=1.1, equity36moPct=0.1219478687825970483711604225077008}, {paymentAmt=1432.307593257382315875048929769861, rate=0.03125, lenderName=Sebonic, fee=4028, loanAmt=334358.000, downPmtAmt=66871.6000, points=0.1, equity36moPct=0.1207829702481517269343529237944680}, {paymentAmt=1433.545598313194898464034056911139, rate=0.03125, lenderName=AimLoan, fee=4317, loanAmt=334647.000, downPmtAmt=66929.4000, points=0.1, equity36moPct=0.1200230251545745307825755713607792}, {paymentAmt=1439.975513845287239177067537323106, rate=0.03125, lenderName=eRates Mortgage, fee=2518, loanAmt=336148.000, downPmtAmt=67229.6000, points=1.1, equity36moPct=0.1160760438900092317382233014543176}, {paymentAmt=1441.194429734569798816940611550485, rate=0.03250, lenderName=Home Loans Today, fee=822, loanAmt=331152.000, downPmtAmt=66230.4000, points=0.1, equity36moPct=0.1261025270361081947340170865041632}, {paymentAmt=1444.863219004349967260442933552276, rate=0.03250, lenderName=AimLoan, fee=1995, loanAmt=331995, downPmtAmt=66399.0, points=0, equity36moPct=0.1238778822515121156167560595555808}, {paymentAmt=1454.515807764692215596585144120545, rate=0.03200, lenderName=eClick Lending, fee=2700, loanAmt=336330.000, downPmtAmt=67266.0000, points=1.1, equity36moPct=0.1137029731874587934446846162699216}, {paymentAmt=1465.681565899863510819264705552193, rate=0.03375, lenderName=eClickLending, fee=1200, loanAmt=331530.000, downPmtAmt=66306.0000, points=0.1, equity36moPct=0.1219807467513805938540322263850624}, {paymentAmt=1481.847469769120902911415325410838, rate=0.03500, lenderName=Oceans Capital, fee=0, loanAmt=330000, downPmtAmt=66000.0, points=0, equity36moPct=0.1229130806675864888391782030891032}], rankByRate=[{paymentAmt=1423.318353709275504544890172906070, rate=0.03000, lenderName=AimLoan, fee=3966, loanAmt=337596.000, downPmtAmt=67519.2000, points=1.1, equity36moPct=0.1154298007315239099518616327317256}, {paymentAmt=1430.409890005738806923767229688247, rate=0.03125, lenderName=Home Loans Today, fee=285, loanAmt=333915.000, downPmtAmt=66783.0000, points=1.1, equity36moPct=0.1219478687825970483711604225077008}, {paymentAmt=1432.307593257382315875048929769861, rate=0.03125, lenderName=Sebonic, fee=4028, loanAmt=334358.000, downPmtAmt=66871.6000, points=0.1, equity36moPct=0.1207829702481517269343529237944680}, {paymentAmt=1433.545598313194898464034056911139, rate=0.03125, lenderName=AimLoan, fee=4317, loanAmt=334647.000, downPmtAmt=66929.4000, points=0.1, equity36moPct=0.1200230251545745307825755713607792}, {paymentAmt=1439.975513845287239177067537323106, rate=0.03125, lenderName=eRates Mortgage, fee=2518, loanAmt=336148.000, downPmtAmt=67229.6000, points=1.1, equity36moPct=0.1160760438900092317382233014543176}, {paymentAmt=1454.515807764692215596585144120545, rate=0.03200, lenderName=eClick Lending, fee=2700, loanAmt=336330.000, downPmtAmt=67266.0000, points=1.1, equity36moPct=0.1137029731874587934446846162699216}, {paymentAmt=1441.194429734569798816940611550485, rate=0.03250, lenderName=Home Loans Today, fee=822, loanAmt=331152.000, downPmtAmt=66230.4000, points=0.1, equity36moPct=0.1261025270361081947340170865041632}, {paymentAmt=1444.863219004349967260442933552276, rate=0.03250, lenderName=AimLoan, fee=1995, loanAmt=331995, downPmtAmt=66399.0, points=0, equity36moPct=0.1238778822515121156167560595555808}, {paymentAmt=1465.681565899863510819264705552193, rate=0.03375, lenderName=eClickLending, fee=1200, loanAmt=331530.000, downPmtAmt=66306.0000, points=0.1, equity36moPct=0.1219807467513805938540322263850624}, {paymentAmt=1481.847469769120902911415325410838, rate=0.03500, lenderName=Oceans Capital, fee=0, loanAmt=330000, downPmtAmt=66000.0, points=0, equity36moPct=0.1229130806675864888391782030891032}]}'"
"compliance-level-3/1110-feel-contains-function","1110-feel-contains-function-test-01","001_2a4d7448c6","SUCCESS",""
"compliance-level-3/1110-feel-contains-function","1110-feel-contains-function-test-01","002_d2a1831b5c","SUCCESS",""
"compliance-level-3/1110-feel-contains-function","1110-feel-contains-function-test-01","003_df56e0a1ad","SUCCESS",""
"compliance-level-3/1110-feel-contains-function","1110-feel-contains-function-test-01","004_805503b274","SUCCESS",""
"compliance-level-3/1110-feel-contains-function","1110-feel-contains-function-test-01","005_5c1269db16","SUCCESS",""
"compliance-level-3/1110-feel-contains-function","1110-feel-contains-function-test-01","006_babdaf4f36","SUCCESS",""
"compliance-level-3/1110-feel-contains-function","1110-feel-contains-function-test-01","007_d24a599180","SUCCESS",""
"compliance-level-3/1110-feel-contains-function","1110-feel-contains-function-test-01","008_cf1311586a","SUCCESS",""
"compliance-level-3/1110-feel-contains-function","1110-feel-contains-function-test-01","009_c4b50ad623","SUCCESS",""
"compliance-level-3/1110-feel-contains-function","1110-feel-contains-function-test-01","010_9ae03e0e59","SUCCESS",""
"compliance-level-3/0012-list-functions","0012-list-functions-test-01","001","SUCCESS",""
"compliance-level-3/0012-list-functions","0012-list-functions-test-01","002","SUCCESS",""
"compliance-level-3/0012-list-functions","0012-list-functions-test-01","003","SUCCESS",""
"compliance-level-3/0012-list-functions","0012-list-functions-test-01","004","SUCCESS",""
"compliance-level-3/0012-list-functions","0012-list-functions-test-01","005","SUCCESS",""
"compliance-level-3/0012-list-functions","0012-list-functions-test-01","006","SUCCESS",""
"compliance-level-3/0012-list-functions","0012-list-functions-test-01","007","SUCCESS",""
"compliance-level-3/0012-list-functions","0012-list-functions-test-01","008","SUCCESS",""
"compliance-level-3/0012-list-functions","0012-list-functions-test-01","009","SUCCESS",""
"compliance-level-3/0012-list-functions","0012-list-functions-test-01","010","SUCCESS",""
"compliance-level-3/0012-list-functions","0012-list-functions-test-01","011","SUCCESS",""
"compliance-level-3/0012-list-functions","0012-list-functions-test-01","012","SUCCESS",""
"compliance-level-3/0012-list-functions","0012-list-functions-test-01","013","SUCCESS",""
"compliance-level-3/0012-list-functions","0012-list-functions-test-01","014","SUCCESS",""
"compliance-level-3/0012-list-functions","0012-list-functions-test-01","015","ERROR","FAILURE: 'appendListItem' expected='[null, null, null, [null, null, null]]' but found='[a, b, c, [x, y, z]]'"
"compliance-level-3/0012-list-functions","0012-list-functions-test-01","016","SUCCESS",""
"compliance-level-3/0012-list-functions","0012-list-functions-test-01","017","SUCCESS",""
"compliance-level-3/0012-list-functions","0012-list-functions-test-01","018","SUCCESS",""
"compliance-level-3/0012-list-functions","0012-list-functions-test-01","019","SUCCESS",""
"compliance-level-3/1120-feel-duration-function","1120-feel-duration-function-test-01","001_f2c6cd6866","SUCCESS",""
"compliance-level-3/1120-feel-duration-function","1120-feel-duration-function-test-01","002_ddca5756ca","SUCCESS",""
"compliance-level-3/1120-feel-duration-function","1120-feel-duration-function-test-01","003_951e1d1c31","ERROR","FAILURE: 'feel-duration-function_003_951e1d1c31' expected='null' but found='PT24H'"
"compliance-level-3/1120-feel-duration-function","1120-feel-duration-function-test-01","004_6b31e7cde7","ERROR","FAILURE: 'feel-duration-function_004_6b31e7cde7' expected='null' but found='PT2H'"
"compliance-level-3/1120-feel-duration-function","1120-feel-duration-function-test-01","005_202d863d07","ERROR","FAILURE: 'feel-duration-function_005_202d863d07' expected='null' but found='PT3M'"
"compliance-level-3/1120-feel-duration-function","1120-feel-duration-function-test-01","006_a885f926d9","ERROR","FAILURE: 'feel-duration-function_006_a885f926d9' expected='null' but found='PT4S'"
"compliance-level-3/1120-feel-duration-function","1120-feel-duration-function-test-01","007_2f0ad399f3","ERROR","FAILURE: 'feel-duration-function_007_2f0ad399f3' expected='null' but found='PT0.999S'"
"compliance-level-3/1120-feel-duration-function","1120-feel-duration-function-test-01","008_747f56743d","ERROR","FAILURE: 'feel-duration-function_008_747f56743d' expected='null' but found='PT26H3M4.123456789S'"
"compliance-level-3/1120-feel-duration-function","1120-feel-duration-function-test-01","009_cef3c1ed26","ERROR","FAILURE: 'feel-duration-function_009_cef3c1ed26' expected='null' but found='PT0S'"
"compliance-level-3/1120-feel-duration-function","1120-feel-duration-function-test-01","010_5b452a4975","ERROR","FAILURE: 'feel-duration-function_010_5b452a4975' expected='null' but found='PT0S'"
"compliance-level-3/1120-feel-duration-function","1120-feel-duration-function-test-01","011_2169615b94","ERROR","FAILURE: 'feel-duration-function_011_2169615b94' expected='null' but found='PT0S'"
"compliance-level-3/1120-feel-duration-function","1120-feel-duration-function-test-01","012_2affe6d169","ERROR","FAILURE: 'feel-duration-function_012_2affe6d169' expected='null' but found='PT0S'"
"compliance-level-3/1120-feel-duration-function","1120-feel-duration-function-test-01","013_0e8e26513c","ERROR","FAILURE: 'feel-duration-function_013_0e8e26513c' expected='null' but found='PT0S'"
"compliance-level-3/1120-feel-duration-function","1120-feel-duration-function-test-01","014_598ba6fabd","ERROR","FAILURE: 'feel-duration-function_014_598ba6fabd' expected='null' but found='PT0S'"
"compliance-level-3/1120-feel-duration-function","1120-feel-duration-function-test-01","015_ce2cb09830","ERROR","FAILURE: 'feel-duration-function_015_ce2cb09830' expected='null' but found='PT-1H-2M'"
"compliance-level-3/1120-feel-duration-function","1120-feel-duration-function-test-01","016_af3e37fdbd","ERROR","FAILURE: 'feel-duration-function_016_af3e37fdbd' expected='null' but found='PT16H40M'"
"compliance-level-3/1120-feel-duration-function","1120-feel-duration-function-test-01","017_4f4549fda4","ERROR","FAILURE: 'feel-duration-function_017_4f4549fda4' expected='null' but found='PT16H40M0.999999999S'"
"compliance-level-3/1120-feel-duration-function","1120-feel-duration-function-test-01","018_f5ec776811","ERROR","FAILURE: 'feel-duration-function_018_f5ec776811' expected='null' but found='PT9H15M'"
"compliance-level-3/1120-feel-duration-function","1120-feel-duration-function-test-01","019_2e6885755a","ERROR","FAILURE: 'feel-duration-function_019_2e6885755a' expected='null' but found='PT1H1M'"
"compliance-level-3/1120-feel-duration-function","1120-feel-duration-function-test-01","020_af58b3766e","ERROR","FAILURE: 'feel-duration-function_020_af58b3766e' expected='null' but found='PT24H'"
"compliance-level-3/1120-feel-duration-function","1120-feel-duration-function-test-01","021_e48e70ad4e","ERROR","FAILURE: 'feel-duration-function_021_e48e70ad4e' expected='null' but found='PT240H'"
"compliance-level-3/1120-feel-duration-function","1120-feel-duration-function-test-01","022_668f24bed7","ERROR","FAILURE: 'feel-duration-function_022_668f24bed7' expected='null' but found='PT49H40M'"
"compliance-level-3/1120-feel-duration-function","1120-feel-duration-function-test-01","023_6fc32087db","ERROR","FAILURE: 'feel-duration-function_023_6fc32087db' expected='null' but found='PT1H'"
"compliance-level-3/1120-feel-duration-function","1120-feel-duration-function-test-01","024_fd7000d72f","ERROR","FAILURE: 'feel-duration-function_024_fd7000d72f' expected='null' but found='PT52H34M'"
"compliance-level-3/1120-feel-duration-function","1120-feel-duration-function-test-01","025_f8ffbd8658","ERROR","FAILURE: 'feel-duration-function_025_f8ffbd8658' expected='null' but found='P1Y2M'"
"compliance-level-3/1120-feel-duration-function","1120-feel-duration-function-test-01","026_e6c47f0cae","ERROR","FAILURE: 'feel-duration-function_026_e6c47f0cae' expected='null' but found='P1Y'"
"compliance-level-3/1120-feel-duration-function","1120-feel-duration-function-test-01","027_33b7fb8704","ERROR","FAILURE: 'feel-duration-function_027_33b7fb8704' expected='null' but found='P0D'"
"compliance-level-3/1120-feel-duration-function","1120-feel-duration-function-test-01","028_971b94f16d","ERROR","FAILURE: 'feel-duration-function_028_971b94f16d' expected='null' but found='P0D'"
"compliance-level-3/1120-feel-duration-function","1120-feel-duration-function-test-01","029_1a12a226cc","ERROR","FAILURE: 'feel-duration-function_029_1a12a226cc' expected='null' but found='P-1Y'"
"compliance-level-3/1120-feel-duration-function","1120-feel-duration-function-test-01","030_afac0f2062","ERROR","FAILURE: 'feel-duration-function_030_afac0f2062' expected='null' but found='P2Y2M'"
"compliance-level-3/1120-feel-duration-function","1120-feel-duration-function-test-01","031_1ddad718b9","ERROR","FAILURE: 'feel-duration-function_031_1ddad718b9' expected='null' but found='P3Y3M'"
"compliance-level-3/1120-feel-duration-function","1120-feel-duration-function-test-01","032_72c46a9ec9","ERROR","FAILURE: 'feel-duration-function_032_72c46a9ec9' expected='null' but found='P8Y4M'"
"compliance-level-3/1120-feel-duration-function","1120-feel-duration-function-test-01","033_5d1540abaf","ERROR","FAILURE: 'feel-duration-function_033_5d1540abaf' expected='null' but found='P-8Y-4M'"
"compliance-level-3/1120-feel-duration-function","1120-feel-duration-function-test-01","034_aa9cbb21a6","ERROR","FAILURE: 'feel-duration-function_034_aa9cbb21a6' expected='null' but found='P83333333Y3M'"
"compliance-level-3/1120-feel-duration-function","1120-feel-duration-function-test-01","035_93eef01ae7","ERROR","FAILURE: 'feel-duration-function_035_93eef01ae7' expected='null' but found='P-83333333Y-3M'"
"compliance-level-3/1120-feel-duration-function","1120-feel-duration-function-test-01","036_5f2775875e","ERROR","FAILURE: 'feel-duration-function_036_5f2775875e' expected='null' but found='P99999999Y'"
"compliance-level-3/1120-feel-duration-function","1120-feel-duration-function-test-01","037_8c9ea9c0e6","ERROR","FAILURE: 'feel-duration-function_037_8c9ea9c0e6' expected='null' but found='P-99999999Y'"
"compliance-level-3/1120-feel-duration-function","1120-feel-duration-function-test-01","038_67dc4c254c","ERROR","FAILURE: 'feel-duration-function_038_67dc4c254c' expected='null' but found='P1Y'"
"compliance-level-3/1120-feel-duration-function","1120-feel-duration-function-test-01","039_4aa0b67804","ERROR","FAILURE: 'feel-duration-function_039_4aa0b67804' expected='null' but found='PT24H'"
"compliance-level-3/1120-feel-duration-function","1120-feel-duration-function-test-01","040_7d8eae461f","ERROR","FAILURE: 'feel-duration-function_040_7d8eae461f' expected='null' but found='P2Y2M'"
"compliance-level-3/1120-feel-duration-function","1120-feel-duration-function-test-01","041_264bc9d682","SUCCESS",""
"compliance-level-3/1120-feel-duration-function","1120-feel-duration-function-test-01","042_59a0000245","SUCCESS",""
"compliance-level-3/1120-feel-duration-function","1120-feel-duration-function-test-01","043_253815dc6c","SUCCESS",""
"compliance-level-3/1120-feel-duration-function","1120-feel-duration-function-test-01","044_f3b338d877","SUCCESS",""
"compliance-level-3/1120-feel-duration-function","1120-feel-duration-function-test-01","045_2ffcc37801","SUCCESS",""
"compliance-level-3/1120-feel-duration-function","1120-feel-duration-function-test-01","046_eb637de5f6","SUCCESS",""
"compliance-level-3/1120-feel-duration-function","1120-feel-duration-function-test-01","047_3210c46a5a","SUCCESS",""
"compliance-level-3/1120-feel-duration-function","1120-feel-duration-function-test-01","048_ab6244f767","SUCCESS",""
"compliance-level-3/1120-feel-duration-function","1120-feel-duration-function-test-01","049_2225b503a0","SUCCESS",""
"compliance-level-3/1120-feel-duration-function","1120-feel-duration-function-test-01","050_dd2ef33bbd","SUCCESS",""
"compliance-level-3/0035-test-structure-output","0035-test-structure-output-test-01","001","SUCCESS",""
"compliance-level-3/0035-test-structure-output","0035-test-structure-output-test-01","002","SUCCESS",""
"compliance-level-3/0035-test-structure-output","0035-test-structure-output-test-01","003","SUCCESS",""
"compliance-level-3/0038-dt-on-bkm-explicit-params","0038-dt-on-bkm-explicit-params-test-01","_b224d5f5-006f-43bb-9ace-e6af924dc2b3","SUCCESS",""
"compliance-level-3/0038-dt-on-bkm-explicit-params","0038-dt-on-bkm-explicit-params-test-01","_bf27c25d-18f6-4891-8370-42d440709d90","SUCCESS",""
"compliance-level-3/0021-singleton-list","0021-singleton-list-test-01","001","SUCCESS",""
"compliance-level-3/0008-listGen","0008-listGen-test-01","001","SUCCESS",""
"compliance-level-3/0008-listGen","0008-listGen-test-01","002","SUCCESS",""
"compliance-level-3/0008-listGen","0008-listGen-test-01","003","SUCCESS",""
"compliance-level-3/0008-listGen","0008-listGen-test-01","004","SUCCESS",""
"compliance-level-3/0008-listGen","0008-listGen-test-01","005","SUCCESS",""
"compliance-level-3/0008-listGen","0008-listGen-test-01","006","SUCCESS",""
"compliance-level-3/0008-listGen","0008-listGen-test-01","007","SUCCESS",""
"compliance-level-3/0008-listGen","0008-listGen-test-01","008","SUCCESS",""
"compliance-level-3/0008-listGen","0008-listGen-test-01","009","SUCCESS",""
"compliance-level-3/0008-listGen","0008-listGen-test-01","010","SUCCESS",""
"compliance-level-3/0004-lending","0004-lending-test-01","001","SUCCESS",""
"compliance-level-3/0003-iteration","0003-iteration-test-01","001","ERROR","FAILURE: 'MonthlyPayment' expected='[966.396742204988, 376.509070632494]' but found='[null, null]'"
"compliance-level-3/0017-tableTests","0017-tableTests-test-01","001","SUCCESS",""
"compliance-level-3/0017-tableTests","0017-tableTests-test-01","002","SUCCESS",""
"compliance-level-3/0017-tableTests","0017-tableTests-test-01","003","SUCCESS",""
"compliance-level-3/0017-tableTests","0017-tableTests-test-01","004","SUCCESS",""
"compliance-level-3/0020-vacation-days","0020-vacation-days-test-01","001","SUCCESS",""
"compliance-level-3/0020-vacation-days","0020-vacation-days-test-01","002","SUCCESS",""
"compliance-level-3/0020-vacation-days","0020-vacation-days-test-01","003","SUCCESS",""
"compliance-level-3/0020-vacation-days","0020-vacation-days-test-01","004","SUCCESS",""
"compliance-level-3/0020-vacation-days","0020-vacation-days-test-01","005","SUCCESS",""
"compliance-level-3/0020-vacation-days","0020-vacation-days-test-01","006","SUCCESS",""
"compliance-level-3/0020-vacation-days","0020-vacation-days-test-01","007","SUCCESS",""
"compliance-level-3/0011-insert-remove","0011-insert-remove-test-01","001","ERROR","FAILURE: 'literalNestedList' expected='[[null, null], [null, null]]' but found='[[a, b], [b, c]]'
FAILURE: 'insert3' expected='[[null], [null, null, null], [null, null]]' but found='[[null], [a, b, c], [null, null]]'
FAILURE: 'insert2' expected='[[null, null], [null, null, null], [null, null]]' but found='[[a, b], [a, b, c], [b, c]]'
FAILURE: 'remove2' expected='[[null, null]]' but found='[[a, b]]'"
"compliance-level-3/0039-dt-list-semantics","0039-dt-list-semantics-test-01","_07726176-a1a0-4e9e-9de2-16dba51556e2","SUCCESS",""
"compliance-level-3/0039-dt-list-semantics","0039-dt-list-semantics-test-01","_a217c840-6ead-4cb7-a3e1-ad9df9c0c584","SUCCESS",""
"compliance-level-3/1115-feel-date-function","1115-feel-date-function-test-01","001_e9ae035ab9","SUCCESS",""
"compliance-level-3/1115-feel-date-function","1115-feel-date-function-test-01","002_9b9e6085ce","SUCCESS",""
"compliance-level-3/1115-feel-date-function","1115-feel-date-function-test-01","003_e4b7918d8f","SUCCESS",""
"compliance-level-3/1115-feel-date-function","1115-feel-date-function-test-01","004_f24ed41117","SUCCESS",""
"compliance-level-3/1115-feel-date-function","1115-feel-date-function-test-01","005_3540a22062","SUCCESS",""
"compliance-level-3/1115-feel-date-function","1115-feel-date-function-test-01","006_616e24dbb7","SUCCESS",""
"compliance-level-3/1115-feel-date-function","1115-feel-date-function-test-01","007_cda82a5d01","SUCCESS",""
"compliance-level-3/1115-feel-date-function","1115-feel-date-function-test-01","008_492649d3d0","SUCCESS",""
"compliance-level-3/1115-feel-date-function","1115-feel-date-function-test-01","009_9e00bbdad3","SUCCESS",""
"compliance-level-3/1115-feel-date-function","1115-feel-date-function-test-01","010_6d4d58d23a","SUCCESS",""
"compliance-level-3/1115-feel-date-function","1115-feel-date-function-test-01","011_5f0b42b1f8","SUCCESS",""
"compliance-level-3/1115-feel-date-function","1115-feel-date-function-test-01","012_d9e4b97438","SUCCESS",""
"compliance-level-3/1115-feel-date-function","1115-feel-date-function-test-01","013_d7e901ee86","SUCCESS",""
"compliance-level-3/1115-feel-date-function","1115-feel-date-function-test-01","014_fad7e00633","SUCCESS",""
"compliance-level-3/1115-feel-date-function","1115-feel-date-function-test-01","015_1dd66594cf","SUCCESS",""
"compliance-level-3/1115-feel-date-function","1115-feel-date-function-test-01","016_31f3fef4a0","SUCCESS",""
"compliance-level-3/1115-feel-date-function","1115-feel-date-function-test-01","017_887dfef005","SUCCESS",""
"compliance-level-3/1115-feel-date-function","1115-feel-date-function-test-01","018_fc0ef0c8cb","SUCCESS",""
"compliance-level-3/1115-feel-date-function","1115-feel-date-function-test-01","019_b2b82796ce","SUCCESS",""
"compliance-level-3/1115-feel-date-function","1115-feel-date-function-test-01","020_7d56b7bf63","SUCCESS",""
"compliance-level-3/1115-feel-date-function","1115-feel-date-function-test-01","021_95fb3d9984","SUCCESS",""
"compliance-level-3/1115-feel-date-function","1115-feel-date-function-test-01","022_4063db2d59","SUCCESS",""
"compliance-level-3/1115-feel-date-function","1115-feel-date-function-test-01","023_4a1f604006","SUCCESS",""
"compliance-level-3/1115-feel-date-function","1115-feel-date-function-test-01","024_3cb98a2bb8","SUCCESS",""
"compliance-level-3/1115-feel-date-function","1115-feel-date-function-test-01","025_cf0ad1313c","SUCCESS",""
"compliance-level-3/1115-feel-date-function","1115-feel-date-function-test-01","026_cedd7e5e5f","SUCCESS",""
"compliance-level-3/1115-feel-date-function","1115-feel-date-function-test-01","027_987c5be372","SUCCESS",""
"compliance-level-3/1115-feel-date-function","1115-feel-date-function-test-01","028_35ca79a6cd","SUCCESS",""
"compliance-level-3/1115-feel-date-function","1115-feel-date-function-test-01","029_88f5c7c90f","SUCCESS",""
"compliance-level-3/1115-feel-date-function","1115-feel-date-function-test-01","030_9184a7bfc3","SUCCESS",""
"compliance-level-3/1115-feel-date-function","1115-feel-date-function-test-01","031_4f5ec70669","SUCCESS",""
"compliance-level-3/1115-feel-date-function","1115-feel-date-function-test-01","032_fc66cc2fec","SUCCESS",""
"compliance-level-3/1115-feel-date-function","1115-feel-date-function-test-01","033_c3a5600c62","SUCCESS",""
"compliance-level-3/1115-feel-date-function","1115-feel-date-function-test-01","034_7d2e18a10c","SUCCESS",""
"compliance-level-3/1115-feel-date-function","1115-feel-date-function-test-01","035_e6c1bb43fd","SUCCESS",""
"compliance-level-3/1115-feel-date-function","1115-feel-date-function-test-01","036_b826a6b5f9","SUCCESS",""
"compliance-level-3/1115-feel-date-function","1115-feel-date-function-test-01","037_cfd70896b6","SUCCESS",""
"compliance-level-3/1115-feel-date-function","1115-feel-date-function-test-01","038_c26782f559","SUCCESS",""
"compliance-level-3/1115-feel-date-function","1115-feel-date-function-test-01","039_67a6eafa3f","SUCCESS",""
"compliance-level-3/1115-feel-date-function","1115-feel-date-function-test-01","040_dd2a2ed4a2","SUCCESS",""
"compliance-level-3/1115-feel-date-function","1115-feel-date-function-test-01","041_9e7e388146","SUCCESS",""
"compliance-level-3/1115-feel-date-function","1115-feel-date-function-test-01","042_8f5dd97588","SUCCESS",""
"compliance-level-3/1115-feel-date-function","1115-feel-date-function-test-01","043_8f82301fac","SUCCESS",""
"compliance-level-3/1115-feel-date-function","1115-feel-date-function-test-01","044_74893220b4","SUCCESS",""
"compliance-level-3/1115-feel-date-function","1115-feel-date-function-test-01","045_969723fed5","SUCCESS",""
"compliance-level-3/1115-feel-date-function","1115-feel-date-function-test-01","046_36bf30268a","SUCCESS",""
"compliance-level-3/1115-feel-date-function","1115-feel-date-function-test-01","047_ba717eb672","SUCCESS",""
"compliance-level-3/1115-feel-date-function","1115-feel-date-function-test-01","048_25595a6420","SUCCESS",""
"compliance-level-3/1115-feel-date-function","1115-feel-date-function-test-01","049_a1644ce710","SUCCESS",""
"compliance-level-3/1115-feel-date-function","1115-feel-date-function-test-01","050_8f1e299951","SUCCESS",""
"compliance-level-3/1115-feel-date-function","1115-feel-date-function-test-01","051_ad98079864","SUCCESS",""
"compliance-level-3/1115-feel-date-function","1115-feel-date-function-test-01","052_63457d78b7","SUCCESS",""
"compliance-level-3/0009-append-flatten","0009-append-flatten-test-01","001","ERROR","FAILURE: 'literalNestedList' expected='[[null, null], [null], [null]]' but found='[[w, x], [y], [z]]'
FAILURE: 'append1' expected='[[null, null], [null], [null], [null]]' but found='[[w, x], [y], [z], [t]]'
FAILURE: 'append2' expected='[[null, null], [null], [null], [null, null, null]]' but found='[[null, null], [null], [null], [a, b, c]]'
FAILURE: 'append3' expected='[[null, null], [null], [null], [null, null, null]]' but found='[[null, null], [null], [null], [a, b, c]]'
FAILURE: 'append4' expected='[[null, null], [null], [null], [null, null, null]]' but found='[[w, x], [y], [z], [a, b, c]]'
FAILURE: 'flatten2' expected='[w, x, y, z, a, b, c]' but found='[null, null, null, null, a, b, c]'
FAILURE: 'flatten3' expected='[w, x, y, z, a, b, c]' but found='[null, null, null, null, a, b, c]'"
"compliance-level-3/0002-string-functions","0002-string-functions-test-01","001","SUCCESS",""
"compliance-level-3/0002-string-functions","0002-string-functions-test-01","002","SUCCESS",""
"compliance-level-3/0002-string-functions","0002-string-functions-test-01","003","SUCCESS",""
"compliance-level-3/0002-string-functions","0002-string-functions-test-01","004","SUCCESS",""
"compliance-level-3/0031-user-defined-functions","0031-user-defined-functions-test-01","001","SUCCESS",""
"compliance-level-3/0031-user-defined-functions","0031-user-defined-functions-test-01","002","SUCCESS",""
"compliance-level-3/0031-user-defined-functions","0031-user-defined-functions-test-01","003","SUCCESS",""
"compliance-level-3/1101-feel-floor-function","1101-feel-floor-function-test-01","001_75592d0dee","SUCCESS",""
"compliance-level-3/1101-feel-floor-function","1101-feel-floor-function-test-01","002_6fea586853","SUCCESS",""
"compliance-level-3/1101-feel-floor-function","1101-feel-floor-function-test-01","003_cbae05445d","SUCCESS",""
"compliance-level-3/1101-feel-floor-function","1101-feel-floor-function-test-01","004_30f6d26798","SUCCESS",""
"compliance-level-3/1101-feel-floor-function","1101-feel-floor-function-test-01","005_dd970ad275","SUCCESS",""
"compliance-level-3/1101-feel-floor-function","1101-feel-floor-function-test-01","006_1223620d9c","SUCCESS",""
"compliance-level-3/0016-some-every","0016-some-every-test-01","001","ERROR","FAILURE: 'priceTable1' expected='[null, null, null]' but found='[{itemName=widget, price=25}, {itemName=sprocket, price=15}, {itemName=trinket, price=1.5}]'
FAILURE: 'everyGtTen2' expected='false' but found='true'
FAILURE: 'someGtTen2' expected='true' but found='false'"
"compliance-level-3/1108-feel-substring-after-function","1108-feel-substring-after-function-test-01","001_f532be66f2","SUCCESS",""
"compliance-level-3/1108-feel-substring-after-function","1108-feel-substring-after-function-test-01","002_f20d66fc1e","SUCCESS",""
"compliance-level-3/1108-feel-substring-after-function","1108-feel-substring-after-function-test-01","003_367612fc8b","SUCCESS",""
"compliance-level-3/1108-feel-substring-after-function","1108-feel-substring-after-function-test-01","004_e448ee2dad","SUCCESS",""
"compliance-level-3/1108-feel-substring-after-function","1108-feel-substring-after-function-test-01","005_429efdafd0","SUCCESS",""
"compliance-level-3/1108-feel-substring-after-function","1108-feel-substring-after-function-test-01","006_bf89d6b618","SUCCESS",""
"compliance-level-3/1108-feel-substring-after-function","1108-feel-substring-after-function-test-01","007_529baaeb0b","SUCCESS",""
"compliance-level-3/1108-feel-substring-after-function","1108-feel-substring-after-function-test-01","008_1e611924ea","SUCCESS",""
"compliance-level-3/1108-feel-substring-after-function","1108-feel-substring-after-function-test-01","009_712fe2842f","SUCCESS",""
"compliance-level-3/1108-feel-substring-after-function","1108-feel-substring-after-function-test-01","010_40e159d07a","SUCCESS",""
"compliance-level-3/0032-conditionals","0032-conditionals-test-01","001","SUCCESS",""
"compliance-level-3/0032-conditionals","0032-conditionals-test-01","002","SUCCESS",""
"compliance-level-3/0032-conditionals","0032-conditionals-test-01","003","SUCCESS",""
"compliance-level-3/0032-conditionals","0032-conditionals-test-01","004","SUCCESS",""
"compliance-level-3/0032-conditionals","0032-conditionals-test-01","005","SUCCESS",""
"compliance-level-3/0032-conditionals","0032-conditionals-test-01","006","SUCCESS",""
"compliance-level-3/1105-feel-upper-case-function","1105-feel-upper-case-function-test-01","001_2395aaad55","SUCCESS",""
"compliance-level-3/1105-feel-upper-case-function","1105-feel-upper-case-function-test-01","002_991789dded","SUCCESS",""
"compliance-level-3/1105-feel-upper-case-function","1105-feel-upper-case-function-test-01","003_d8306d8d00","SUCCESS",""
"compliance-level-3/1105-feel-upper-case-function","1105-feel-upper-case-function-test-01","004_310caf7262","SUCCESS",""
"compliance-level-3/1105-feel-upper-case-function","1105-feel-upper-case-function-test-01","005_b316d773ac","SUCCESS",""
"compliance-level-3/1105-feel-upper-case-function","1105-feel-upper-case-function-test-01","006_d9bd3c14bc","SUCCESS",""
"compliance-level-3/1105-feel-upper-case-function","1105-feel-upper-case-function-test-01","007_31fc6c1967","SUCCESS",""
"compliance-level-3/1105-feel-upper-case-function","1105-feel-upper-case-function-test-01","008_26e369a9d9","SUCCESS",""
"compliance-level-3/0006-join","0006-join-test-01","001","SUCCESS",""
"compliance-level-3/0007-date-time","0007-date-time-test-01","001","ERROR","FAILURE: 'Date-Time' expected='null' but found='2016-12-24T23:59-08:00'
FAILURE: 'Date-Time2' expected='null' but found='2015-12-24T00:00:01-01:00'
FAILURE: 'Time3' expected='12:59:01.300-01:00' but found='12:59:01.300'
FAILURE: 'dtDuration1' expected='null' but found='PT314H14S'
FAILURE: 'dtDuration2' expected='null' but found='PT8814H58M59S'
FAILURE: 'sumDurations' expected='null' but found='PT9128H59M13S'
FAILURE: 'ymDuration2' expected='null' but found='P1Y'
FAILURE: 'cOffset' expected='null' but found='PT-1H'"
"compliance-level-3/0041-multiple-nestedcontext","0041-multiple-nestedcontext-test-01","001","SUCCESS",""
"compliance-level-3/0041-multiple-nestedcontext","0041-multiple-nestedcontext-test-01","002","SUCCESS",""
"compliance-level-3/0041-multiple-nestedcontext","0041-multiple-nestedcontext-test-01","003","SUCCESS",""
